placa,marca,modelo,anio,color,clase,fecha_matricula,anio_matricula,servicio,fecha_caducidad,polarizado
ABA4135,HYUNDAI,TUCSON IX 5P 4X2 2.0 TM STD,2011,PLOMO,VEHICULO UTILITARIO,16-10-2020,2020,USO PARTICULAR,15-10-2025,No existe registro de polarizado
GGZ0529,CHEVROLET,CAPRICE,1979,AZUL,AUTOMOVIL,10-12-2002,2002,USO PARTICULAR,31-12-2002,No existe registro de polarizado
GLX0111,MITSUBISHI,CANTER 6.0 TON,2002,BLANCO,CAMION,20-03-2025,2025,USO PARTICULAR,28-02-2030,No existe registro de polarizado
GLX0112,CHEVROLET,TAHOE 4X4 T/A,2002,AZUL,VEHICULO ESPECIAL,13-04-2023,2023,USO PARTICULAR,11-04-2028,No existe registro de polarizado
GQJ0477,CHEVROLET,AVEO EMOTION 1.6L GLS,2008,PLOMO,AUTOMOVIL,05-02-2025,2025,USO PARTICULAR,05-02-2030,No existe registro de polarizado
GQJ0478,CHEVROLET,AVEO ACTIVO 1.4L 4P AC,2008,PLATEADO,AUTOMOVIL,07-04-2022,2022,USO PARTICULAR,30-09-2027,No existe registro de polarizado
GQJ0479,CHEVROLET,AVEO ACTIVO 1.4L 5P AC,2008,AZUL,AUTOMOVIL,09-09-2020,2020,USO PARTICULAR,31-10-2025,No existe registro de polarizado
GQJ0480,CHEVROLET,SPARK 5P A/C 1.0L ACTIVO,2008,PLOMO,AUTOMOVIL,29-11-2022,2022,USO PARTICULAR,30-11-2027,No existe registro de polarizado
GQJ0481,CHEVROLET,SPARK 5P STD 1.0L ACTIVO,2007,ROJO,AUTOMOVIL,27-01-2023,2023,USO PARTICULAR,26-01-2028,No existe registro de polarizado
GQJ0482,CHEVROLET,LUV D-MAX C/D V6 4X4 T/M GLS,2008,PLOMO,CAMIONETA,04-04-2022,2022,USO PARTICULAR,31-03-2027,No existe registro de polarizado
GQJ0483,CHEVROLET,LUV D-MAX C/D V6 4X2 T/M,2008,PLOMO,CAMIONETA,06-05-2019,2019,USO PARTICULAR,04-05-2024,No existe registro de polarizado
GQJ0484,RENAULT,LOGAN 1.6 M/T,2008,PLOMO,AUTOMOVIL,30-08-2022,2022,USO PARTICULAR,29-08-2027,No existe registro de polarizado
GQJ0485,MAZDA,BT-50 2.6 CD ACTION 4X4,2008,PLATEADO,CAMIONETA,07-04-2021,2021,PARTICULAR,06-04-2026,No existe registro de polarizado
GTO8710,SUZUKI,SCROSS BOOSTERJET GL AC 1.4 5P 4X2 TA,2024,PLATEADO,VEHICULO UTILITARIO,29-08-2023,2023,USO PARTICULAR,27-08-2028,No existe registro de polarizado
GTO8711,SUZUKI,SWIFT ISG GLS AC 1.2 5P 4X2 TM HYBRID,2024,PLOMO,AUTOMOVIL,29-08-2023,2023,USO PARTICULAR,27-08-2028,No existe registro de polarizado
GTO8712,SUZUKI,SCROSS BOOSTERJET GL AC 1.4 5P 4X2 TA,2024,PLATEADO,VEHICULO UTILITARIO,29-08-2023,2023,USO PARTICULAR,27-08-2028,No existe registro de polarizado
GTO8713,SUZUKI,GRAND VITARA ISG GLX AC 1.5 5P 4X2 TA HYBRID,2024,BLANCO,VEHICULO UTILITARIO,29-08-2023,2023,USO PARTICULAR,27-08-2028,No existe registro de polarizado
GTO8714,SUZUKI,GRAND VITARA ISG GLX AC 1.5 5P 4X2 TM HYBRID,2024,PLATEADO,VEHICULO UTILITARIO,30-08-2023,2023,USO PARTICULAR,28-08-2028,No existe registro de polarizado
GTO8715,SUZUKI,S-CROSS BOOSTERJET GLX AC 1.4 5P 4X4 TA,2024,PLOMO,VEHICULO UTILITARIO,30-08-2023,2023,USO PARTICULAR,28-08-2028,No existe registro de polarizado
GTO8716,SUZUKI,VITARA GL PLUS AC 1.6 5P 4X2 TA,2023,PLOMO,VEHICULO UTILITARIO,31-08-2023,2023,USO PARTICULAR,29-08-2028,No existe registro de polarizado
GTO8717,SUZUKI,VITARA GL PLUS AC 1.6 5P 4X2 TM,2024,PLATEADO,VEHICULO UTILITARIO,31-08-2023,2023,USO PARTICULAR,29-08-2028,No existe registro de polarizado
GTO8718,SUZUKI,SWIFT ISG GLS AC 1.2 5P 4X2 TM HYBRID,2024,PLATEADO,AUTOMOVIL,31-08-2023,2023,USO PARTICULAR,29-08-2028,No existe registro de polarizado
GTO8719,SUZUKI,SCROSS BOOSTERJET GL AC 1.4 5P 4X2 TA,2024,PLATEADO,VEHICULO UTILITARIO,01-09-2023,2023,USO PARTICULAR,30-08-2028,No existe registro de polarizado
GTO8720,SUZUKI,GRAND VITARA ISG GLX AC 1.5 5P 4X2 TM HYBRID,2024,CAFE,VEHICULO UTILITARIO,01-09-2023,2023,USO PARTICULAR,30-08-2028,No existe registro de polarizado
GUZ0461,RANGER,110GM,2009,NEGRO,MOTOCICLETA,27-04-2010,2010,USO PARTICULAR,31-01-2014,No existe registro de polarizado
GUZ0465,SUZUKI,GN125,2008,ROJO,MOTOCICLETA,27-04-2010,2010,USO PARTICULAR,31-01-2014,No existe registro de polarizado
GUZ0469,LIFAN,LF150-9J,2009,ROJO,MOTOCICLETA,12-08-2013,2013,USO PARTICULAR,31-12-2014,No existe registro de polarizado
OBH0659,FORD,COURIER,1978,AZUL,CAMIONETA,09-09-2010,2010,USO PARTICULAR,08-09-2015,No existe registro de polarizado
PDI6591,CHEVROLET,D-MAX CRDI 3.0 CD 4X4 TM DIESEL,2019,VINO,VEHICULO ESPECIAL,06-03-2025,2025,USO PARTICULAR,05-03-2030,No existe registro de polarizado
PXZ0916,MAZDA,626 SDN 2.0L,2002,CREMA,AUTOMOVIL,19-03-2024,2024,USO PARTICULAR,18-03-2029,No existe registro de polarizado
GFM0944,CHEVROLET,CONDOR,1982,BLANCO,CAMIONETA,19-12-2005,2005,USO PARTICULAR,31-12-2005,No existe registro de polarizado
GFM0946,FORD,F 350,1977,AMARILLO,CAMIONETA,12-12-2007,2007,USO PARTICULAR,31-12-2007,No existe registro de polarizado
GFM0947,DATSUN,1500,1977,CELESTE,CAMIONETA,24-08-2022,2022,PARTICULAR,31-08-2027,No existe registro de polarizado
GFM0948,NISSAN,CABALL,1977,BLANCO,CAMIONETA,09-07-2003,2003,USO PARTICULAR,10-07-2003,No existe registro de polarizado
GFM0949,HINO,KB 222,1978,AMARILLO,VOLQUETA,11-11-2013,2013,USO PARTICULAR,31-12-2016,No existe registro de polarizado
GFM0950,FORD,F 800,1982,BLANCO,VEHICULO ESPECIAL,26-09-2007,2007,USO PARTICULAR,31-12-2007,No existe registro de polarizado
GFM0951,HINO,KB 212,1976,AMARILLO,VOLQUETA,04-11-1999,1999,USO PARTICULAR,31-12-1999,No existe registro de polarizado
GFM0952,FORD,F 100,1974,AZUL,CAMIONETA,18-02-2004,2004,USO PARTICULAR,19-02-2004,No existe registro de polarizado
GFM0953,MAZDA,B1600,1980,VERDE,CAMIONETA,24-06-2008,2008,USO PARTICULAR,31-12-2011,No existe registro de polarizado
GFM0954,MITSUBISHI,CANTER FE 211,1978,ROJO,CAMIONETA,06-12-2024,2024,USO PARTICULAR,31-05-2029,No existe registro de polarizado
GTR2892,RENAULT,KWID INTENS AC 1.0 5P 4X2 TM,2024,BLANCO,VEHICULO UTILITARIO,28-12-2023,2023,USO PARTICULAR,26-12-2028,No existe registro de polarizado
GTR2893,RENAULT,LOGAN CROSS INTENS AC 1.6 4P 4X2 TM,2024,PLOMO,AUTOMOVIL,18-01-2024,2024,USO PARTICULAR,16-01-2029,No existe registro de polarizado
GTR2894,NISSAN,QASHQAI ADVANCE CVT AC 1.3 5P 4X2 TA,2024,PLATEADO,VEHICULO UTILITARIO,18-01-2024,2024,USO PARTICULAR,16-01-2029,No existe registro de polarizado
GTR2895,RENAULT,LOGAN CROSS INTENS AC 1.6 4P 4X2 TM,2024,CREMA,AUTOMOVIL,18-01-2024,2024,USO PARTICULAR,16-01-2029,No existe registro de polarizado
GTR2896,NISSAN,X-TRAIL EPOWER EXCLUSIVE AC 5P 4X4 TA EV,2024,BLANCO,VEHICULO UTILITARIO,18-01-2024,2024,USO PARTICULAR,16-01-2029,No existe registro de polarizado
GTR2897,RENAULT,STEPWAY INTENS FASE II CVT AC 1.6 5P 4X2 TA,2024,PLATEADO,AUTOMOVIL,18-01-2024,2024,USO PARTICULAR,16-01-2029,No existe registro de polarizado
GTR2898,RENAULT,DUSTER INTENS AC 1.6 5P 4X2 TM,2024,CAFE,VEHICULO UTILITARIO,18-01-2024,2024,USO PARTICULAR,16-01-2029,No existe registro de polarizado
GTR2899,RENAULT,STEPWAY INTENS FASE II AC 1.6 5P 4X2 TM,2024,PLOMO,AUTOMOVIL,12-08-2024,2024,USO PARTICULAR,12-08-2029,No existe registro de polarizado
GTR2900,NISSAN,QASHQAI ADVANCE CVT AC 1.3 5P 4X2 TA,2024,PLATEADO,VEHICULO UTILITARIO,18-01-2024,2024,USO PARTICULAR,16-01-2029,No existe registro de polarizado
GTR2901,RENAULT,DUSTER INTENS AC 1.6 5P 4X2 TM,2024,BLANCO,VEHICULO UTILITARIO,19-01-2024,2024,USO PARTICULAR,17-01-2029,No existe registro de polarizado
GTR2902,RENAULT,LOGAN CROSS INTENS AC 1.6 4P 4X2 TM,2024,BLANCO,AUTOMOVIL,19-01-2024,2024,USO PARTICULAR,17-01-2029,No existe registro de polarizado
GTF8581,MG,MG5 AC 1.5 4P 4X2 TM,2020,ROJO,AUTOMOVIL,07-10-2020,2020,USO PARTICULAR,06-10-2025,No existe registro de polarizado
GTF8582,AUDI,Q3 SPORTBACK TFSI F3NA6Y AC 2.0 5P 4X4 TA,2020,NEGRO,VEHICULO UTILITARIO,29-01-2024,2024,PARTICULAR,27-01-2029,No existe registro de polarizado
GTF8583,AUDI,Q8 TFSI TIPTRONIC QUATT 4MN0X2 AC 3.0 5P 4X4 TA HYBRID,2020,NEGRO,VEHICULO ESPECIAL,14-03-2025,2025,PARTICULAR,13-03-2030,No existe registro de polarizado
GTF8584,MG,MGRX5 AC 1.5 5P 4X2 TA,2021,BLANCO,VEHICULO UTILITARIO,07-10-2020,2020,USO PARTICULAR,06-10-2025,No existe registro de polarizado
GTF8585,MG,MGRX8 AC 2.0 5P 4X4 TA,2021,BLANCO,VEHICULO UTILITARIO,07-10-2020,2020,USO PARTICULAR,06-10-2025,No existe registro de polarizado
GTF8586,MG,MGRX5 AC 1.5 5P 4X2 TM,2020,NEGRO,VEHICULO UTILITARIO,08-10-2020,2020,USO PARTICULAR,07-10-2025,No existe registro de polarizado
GTF8587,AUDI,Q7 TFSI TIPTRONIC QUATT 4MGAX2 AC 3.0 5P 4X4 TA HYBRID,2021,PLOMO,VEHICULO ESPECIAL,08-10-2020,2020,USO PARTICULAR,07-10-2025,No existe registro de polarizado
GTF8588,AUDI,Q3 SPORTBACK TFSI F3NA6Y AC 2.0 5P 4X4 TA,2020,PLOMO,VEHICULO UTILITARIO,21-01-2025,2025,USO PARTICULAR,30-09-2030,No existe registro de polarizado
GTF8589,MG,MG5 AC 1.5 4P 4X2 TM,2020,BLANCO,AUTOMOVIL,14-10-2020,2020,USO PARTICULAR,13-10-2025,No existe registro de polarizado
GTF8590,MG,MG5 AC 1.5 4P 4X2 TM,2020,PLOMO,AUTOMOVIL,15-10-2020,2020,USO PARTICULAR,14-10-2025,No existe registro de polarizado
GTF8591,MG,MG5 AC 1.5 4P 4X2 TM,2020,NEGRO,AUTOMOVIL,07-08-2023,2023,USO PARTICULAR,05-08-2028,No existe registro de polarizado
GBP9116,FOTON,VIEW CS2 BJ6549 AC 2.8 4P 4X2 TM DIESEL,2024,AMARILLO,CAMIONETA,13-03-2024,2024,USO PUBLICO,12-03-2029,No existe registro de polarizado
GBP9117,FOTON,VIEW CS2 BJ6549 AC 2.8 4P 4X2 TM DIESEL,2024,AMARILLO,CAMIONETA,14-03-2024,2024,USO PUBLICO,13-03-2029,No existe registro de polarizado
GBP9118,FOTON,VIEW CS2 BJ6549 AC 2.8 4P 4X2 TM DIESEL,2024,AMARILLO,CAMIONETA,14-03-2024,2024,USO PUBLICO,13-03-2029,No existe registro de polarizado
GBP9119,CHEVROLET,AVEO FAMILY STD 1.5 4P 4X2 TM,2019,AMARILLO,AUTOMOVIL,13-03-2024,2024,USO PUBLICO,31-05-2029,No existe registro de polarizado
GBP9120,FOTON,VIEW CS2 EXT BJ6609 AC 2.8 4P 4X2 TM DIESEL,2024,AMARILLO,CAMIONETA,14-03-2024,2024,USO PUBLICO,13-03-2029,No existe registro de polarizado
GBP9121,RENAULT,LOGAN ZEN FASE II AC 1.6 4P 4X2 TM,2024,AMARILLO,AUTOMOVIL,14-03-2024,2024,USO PUBLICO,30-04-2029,No existe registro de polarizado
GBP9122,CHERY,ARRIZO 5 PRO COMFORT AC 1.5 4P 4X2 TM,2024,AMARILLO,AUTOMOVIL,14-03-2024,2024,USO PUBLICO,31-08-2029,No existe registro de polarizado
GBP9123,CHEVROLET,SAIL LS AC 1.4 4P 4X2 TM,2019,AMARILLO,AUTOMOVIL,14-03-2024,2024,USO PUBLICO,31-03-2029,No existe registro de polarizado
GBP9124,JMC,JMC 520 TOURING AC 2.8 5P 4X2 TM DIESEL,2024,AMARILLO,CAMIONETA,19-03-2024,2024,USO PUBLICO,18-03-2029,No existe registro de polarizado
GBP9125,SOUEAST,DX3 CONFORT AC 1.5 5P 4X2 TM,2023,AMARILLO,VEHICULO UTILITARIO,14-03-2024,2024,USO PUBLICO,30-09-2029,No existe registro de polarizado
GBP9126,KIA,RIO LX AC 1.4 4P 4X2 TM,2024,AMARILLO,AUTOMOVIL,14-03-2024,2024,USO PUBLICO,13-03-2029,No existe registro de polarizado
GQA0232,RENAULT,LOGAN 1.6 M/T,2008,ROJO,AUTOMOVIL,27-10-2022,2022,PARTICULAR,26-10-2027,No existe registro de polarizado
GQA0233,LADA,2106,1993,ROJO,AUTOMOVIL,28-09-2007,2007,USO PARTICULAR,28-09-2007,No existe registro de polarizado
GQA0234,CHEVROLET,LUV D-MAX C/D DIESEL 4X4 T/M,2008,ROJO,CAMIONETA,14-05-2024,2024,USO PARTICULAR,31-05-2029,No existe registro de polarizado
GQA0235,CHEVROLET,LUV D-MAX C/S 4X2 T/M,2008,NEGRO,CAMIONETA,10-03-2021,2021,USO PARTICULAR,09-03-2026,No existe registro de polarizado
GQA0236,CHEVROLET,LUV D-MAX HEC 4X2 CS EDICION ESPECIAL,2007,AMARILLO,CAMIONETA,13-03-2024,2024,USO PUBLICO,31-07-2029,No existe registro de polarizado
GQA0238,FORD,CARGO 1721 4X2 CHASIS CORTO,2006,BLANCO,UNIDAD DE CARGA Y REMOLQUE,23-02-2021,2021,TRANSP. PUBLICO,22-02-2026,No existe registro de polarizado
GQA0239,QMC,YZK6460E1,2007,NEGRO,AUTOMOVIL,10-06-2024,2024,PARTICULAR,09-06-2029,No existe registro de polarizado
PXD0815,LADA,NIVA 3 PUERTAS,2001,VERDE,AUTOMOVIL,26-06-2023,2023,PARTICULAR,30-06-2028,No existe registro de polarizado
PXD0816,CHEVROLET,LUV C/S V6 4X4 T/M INYEC,2001,BLANCO,CAMIONETA,14-06-2011,2011,USO PARTICULAR,31-12-2015,No existe registro de polarizado
PXD0817,HYUNDAI,ACCENT VERNA,2001,PLOMO,AUTOMOVIL,24-08-2023,2023,USO PARTICULAR,31-08-2028,No existe registro de polarizado
PXD0818,CHEVROLET,LUV C/D V6 4X4 T/M INYEC,2001,PLATEADO,CAMIONETA,18-10-2022,2022,PARTICULAR,17-10-2027,No existe registro de polarizado
PXD0819,NISSAN,PATHFINDER SE A/T,2001,BLANCO,VEHICULO UTILITARIO,21-04-2021,2021,USO PARTICULAR,20-04-2026,No existe registro de polarizado
PXD0820,CHEVROLET,CORSA 3P STD 1.4L,2001,PLOMO,AUTOMOVIL,26-10-2023,2023,USO PARTICULAR,24-10-2028,No existe registro de polarizado
PXD0821,TOYOTA,LAND CRUISER PRADO GX SELECT,2001,VERDE,VEHICULO UTILITARIO,17-02-2025,2025,USO PARTICULAR,16-02-2030,No existe registro de polarizado
PXD0822,CHEVROLET,CORSA 4P STD 1.6L,2001,BLANCO,AUTOMOVIL,22-08-2018,2018,PARTICULAR,21-08-2023,No existe registro de polarizado
PXD0823,VOLKSWAGEN,GOL 1.8 TRENDLINE 4P DH,2001,BLANCO,AUTOMOVIL,25-04-2024,2024,USO PARTICULAR,30-04-2029,No existe registro de polarizado
PXD0824,RENAULT,MEGANE 1.6 M/T,2001,PLOMO,AUTOMOVIL,12-08-2024,2024,USO PARTICULAR,11-08-2029,No existe registro de polarizado
PXD0825,MITSUBISHI,MONTERO/5P/3.5/TA,2001,AZUL,VEHICULO UTILITARIO,28-11-2022,2022,USO PARTICULAR,27-11-2027,No existe registro de polarizado
PCC5105,CHEVROLET,AVEO ACTIVO 1.6L 4P STD,2010,AMARILLO,AUTOMOVIL,01-11-2023,2023,TRANSP. PUBLICO,30-06-2028,No existe registro de polarizado
PCC5106,KIA,SORENTO 2.5L LX DSL AT 4X2,2009,BLANCO,VEHICULO UTILITARIO,25-07-2023,2023,USO PARTICULAR,23-07-2028,No existe registro de polarizado
PCC5107,CHEVROLET,AVEO ACTIVO 1.6L 4P AC,2009,PLOMO,AUTOMOVIL,18-02-2021,2021,PARTICULAR,17-02-2026,No existe registro de polarizado
PCC5108,KIA,SPORTAGE L 2.0L 4X2 GSL,2010,BLANCO,VEHICULO UTILITARIO,17-12-2020,2020,USO PARTICULAR,16-12-2025,No existe registro de polarizado
PCC5109,MAZDA,BT-50 CD 4X2 ACTION GAS 2.6,2010,BLANCO,CAMIONETA,14-11-2024,2024,USO PARTICULAR,31-10-2029,No existe registro de polarizado
PCC5110,KIA,SPORTAGE L 2.0L 4X2 GSL,2010,ROJO,VEHICULO UTILITARIO,03-07-2018,2018,USO PARTICULAR,02-07-2023,No existe registro de polarizado
PCC5111,MITSUBISHI,OUTLANDER 2.4 2WD MT 5PAX,2009,BLANCO,VEHICULO UTILITARIO,12-02-2025,2025,USO PARTICULAR,28-02-2030,No existe registro de polarizado
PCC5112,HYUNDAI,TUCSON 5P 4X2 2.0 TM,2010,PLATEADO,VEHICULO UTILITARIO,04-06-2025,2025,USO PARTICULAR,03-06-2030,No existe registro de polarizado
PCC5113,HINO,FS1ELVD,2010,AMARILLO,VEHICULO ESPECIAL,30-06-2022,2022,TRANSP. PUBLICO,30-06-2027,No existe registro de polarizado
PCC5114,HINO,XZU413L-HKMQD,2010,BLANCO,CAMION,09-05-2023,2023,USO PARTICULAR,31-05-2028,No existe registro de polarizado
PCC5115,MAZDA,BT-50 CD 4X2 STD GAS 2.2 FL,2010,PLATEADO,CAMIONETA,21-06-2023,2023,USO PARTICULAR,30-06-2028,No existe registro de polarizado
PCW7842,KIA,SPORTAGE R GTI LX AC 2.0 5P 4X2 TA,2017,NEGRO,VEHICULO UTILITARIO,14-04-2023,2023,USO PARTICULAR,31-03-2028,No existe registro de polarizado
PCW7843,SUZUKI,GRAND VITARA SZ NEXT AC 2.0 5P 4X2 TM,2017,PLOMO,VEHICULO UTILITARIO,05-10-2022,2022,USO PARTICULAR,04-10-2027,No existe registro de polarizado
PCW7844,KIA,RIO R LX AC 1.4 4P 4X2 TM,2017,ROJO,AUTOMOVIL,26-07-2024,2024,USO PARTICULAR,25-07-2029,No existe registro de polarizado
PCW7845,SUZUKI,GRAND VITARA SZ AC 2.4 5P 4X2 TA,2018,PLOMO,JEEP,24-10-2024,2024,USO PARTICULAR,23-10-2029,No existe registro de polarizado
PCW7846,KIA,CERATO KOUP AC 2.0 2P 4X2 TA,2017,BLANCO,AUTOMOVIL,07-08-2017,2017,USO PARTICULAR,06-08-2022,No existe registro de polarizado
PCW7847,TOYOTA,HILUX 2.7 CD 4X2 TM,2018,PLATEADO,CAMIONETA,19-10-2023,2023,USO PARTICULAR,17-10-2028,No existe registro de polarizado
PCW7848,SUZUKI,GRAND VITARA SZ AC 2.0 5P 4X2 TM,2018,BLANCO,VEHICULO UTILITARIO,30-05-2024,2024,USO PARTICULAR,29-05-2029,No existe registro de polarizado
PCW7849,KIA,CERATO LX AC 1.6 4P 4X2 TM,2018,PLOMO,AUTOMOVIL,23-12-2022,2022,USO PARTICULAR,31-10-2027,No existe registro de polarizado
PCW7850,CHEVROLET,SAIL LS AC 1.5 4P 4X2 TM,2018,PLATEADO,AUTOMOVIL,07-08-2017,2017,USO PARTICULAR,06-08-2022,No existe registro de polarizado
PCW7851,KIA,RIO LX AC 1.4 4P 4X2 TM,2018,BLANCO,AUTOMOVIL,26-08-2022,2022,USO PARTICULAR,28-02-2027,No existe registro de polarizado
PCW7852,RENAULT,LOGAN DYNAMIQUE AC 1.6 4P 4X2 TM,2018,CREMA,AUTOMOVIL,17-03-2023,2023,USO PARTICULAR,15-03-2028,No existe registro de polarizado
PDR9003,CHANGAN,CS55 LUXURY AC 1.5 5P 4X2 TM,2020,AZUL,VEHICULO UTILITARIO,29-04-2021,2021,PARTICULAR,28-04-2026,No existe registro de polarizado
PDR9004,MITSUBISHI,L200 GLX AC 2.4 CD 4X4 TM DIESEL,2021,PLATEADO,CAMIONETA,04-05-2022,2022,PARTICULAR,03-05-2027,No existe registro de polarizado
PDR9005,CHEVROLET,D-MAX CRDI PREMIER AC 2.5 CD 4X4 TM DIESEL,2021,PLOMO,CAMIONETA,29-04-2021,2021,PARTICULAR,28-04-2026,No existe registro de polarizado
PDR9006,MITSUBISHI,L200 GLX AC 2.4 CD 4X4 TM DIESEL,2021,PLATEADO,CAMIONETA,29-04-2021,2021,PARTICULAR,28-04-2026,No existe registro de polarizado
PDR9007,MITSUBISHI,L200 HIRIDER AC 2.4 CD 4X2 TM DIESEL,2021,ANARANJADO,CAMIONETA,05-05-2025,2025,USO PARTICULAR,04-05-2030,No existe registro de polarizado
PDR9008,DONGFENG,RICH 6 AC 2.4 CD 4X2 TM,2022,PLATEADO,CAMIONETA,15-03-2022,2022,PARTICULAR,14-03-2027,No existe registro de polarizado
PDR9009,CHEVROLET,D-MAX CRDI HI RIDE AC 2.5 CD 4X2 TM DIESEL,2022,PLATEADO,CAMIONETA,29-01-2025,2025,PARTICULAR,29-01-2025,No existe registro de polarizado
PDR9010,CHEVROLET,BEAT LS AC 1.2 4P 4X2 TM,2020,AZUL,AUTOMOVIL,19-05-2023,2023,USO PARTICULAR,17-05-2028,No existe registro de polarizado
PDR9011,CHEVROLET,D-MAX CRDI PREMIER AC 2.5 CD 4X4 TM DIESEL,2021,PLATEADO,CAMIONETA,29-04-2021,2021,PARTICULAR,28-04-2026,No existe registro de polarizado
PDR9012,VOLKSWAGEN,POLO TRENDLINE AC 1.6 5P 4X2 TM,2021,PLOMO,AUTOMOVIL,29-04-2021,2021,USO PARTICULAR,28-04-2026,No existe registro de polarizado
PDR9013,HYUNDAI,GRAND I10 HB AC 1.2 5P 4X2 TM,2022,BLANCO,AUTOMOVIL,08-06-2022,2022,USO PARTICULAR,07-06-2027,No existe registro de polarizado
PYA0258,CHEVROLET,LUV C/D V6 4X2 T/M INYEC,2002,ROJO,CAMIONETA,20-09-2023,2023,USO PARTICULAR,30-09-2028,No existe registro de polarizado
PYA0259,HYUNDAI,HD 72 TRUCK,2002,BLANCO,VEHICULO ESPECIAL,22-03-2022,2022,USO PARTICULAR,31-10-2027,No existe registro de polarizado
PYA0260,TOYOTA,STOUT II 4X2 CS PLATON,2002,BLANCO,CAMIONETA,30-11-2016,2016,USO PARTICULAR,30-12-2021,No existe registro de polarizado
PYA0261,CHEVROLET,NKR AC 3.0 2P 4X2 TM DIESEL,2002,VERDE,CAMION,19-05-2025,2025,PARTICULAR,18-05-2030,No existe registro de polarizado
PYA0262,LADA,NIVA 3 PUERTAS,2002,VINO,VEHICULO UTILITARIO,24-08-2021,2021,USO PARTICULAR,31-03-2026,No existe registro de polarizado
PYA0263,TOYOTA,YARIS 1.5 TM,2001,NEGRO,AUTOMOVIL,27-11-2021,2021,USO PARTICULAR,26-11-2026,No existe registro de polarizado
MBK0556,NISSAN,JUNIOR,1979,ROJO,CAMIONETA,17-07-2024,2024,USO PARTICULAR,31-07-2029,No existe registro de polarizado
MBK0557,FORD,REGULAR VAN,1980,ROJO,CAMIONETA,21-12-2006,2006,USO PARTICULAR,20-12-2011,No existe registro de polarizado
MBK0562,FORD,F 250,1976,ROJO,CAMIONETA,09-03-2004,2004,USO PARTICULAR,31-03-2005,No existe registro de polarizado
MBK0563,TOYOTA,HILUX,1977,AZUL,CAMIONETA,03-05-2017,2017,USO PARTICULAR,02-05-2022,No existe registro de polarizado
MBK0565,FORD,F 350,1978,ROJO,CAMIONETA,17-12-2004,2004,USO PARTICULAR,30-06-2005,No existe registro de polarizado
MBK0566,NISSAN,JUNIOR,1977,AZUL,CAMIONETA,08-07-2019,2019,PARTICULAR,31-07-2024,No existe registro de polarizado
MBD5781,NISSAN,FRONTIER AC 2.5 CS 4X2 TA,2016,ROJO,CAMIONETA,06-03-2025,2025,USO PARTICULAR,28-02-2030,No existe registro de polarizado
MBD5782,BRILLIANCE,V3 AC 1.5 5P 4X2 TM,2019,ROJO,VEHICULO UTILITARIO,17-05-2024,2024,USO PARTICULAR,16-05-2029,No existe registro de polarizado
MBD5783,GREAT WALL,HAVAL H6 CONFORT AC 2.0 5P 4X2 TA,2020,NEGRO,JEEP,04-04-2025,2025,PARTICULAR,30-04-2030,No existe registro de polarizado
MBD5784,TOYOTA,YARIS HB AC 1.5 5P 4X2 TM,2020,BLANCO,AUTOMOVIL,12-02-2025,2025,USO PARTICULAR,31-05-2030,No existe registro de polarizado
MBD5785,TOYOTA,RUSH AC 1.5 5P 4X2 TM,2020,PLATEADO,JEEP,06-02-2020,2020,PARTICULAR,04-02-2025,No existe registro de polarizado
MBD5786,TOYOTA,RUSH AC 1.5 5P 4X2 TA,2020,VINO,JEEP,07-02-2020,2020,PARTICULAR,05-02-2025,No existe registro de polarizado
MBD5787,BRILLIANCE,V3 AC 1.5 5P 4X2 TM,2019,ROJO,VEHICULO ESPECIAL,07-02-2020,2020,PARTICULAR,05-02-2025,No existe registro de polarizado
MBD5788,HYUNDAI,NEW SANTA FE 5PAS AC 2.4 5P 4X2 TM,2019,NEGRO,VEHICULO UTILITARIO,19-04-2022,2022,USO PARTICULAR,18-04-2027,No existe registro de polarizado
MBD5789,BRILLIANCE,V3 AC 1.5 5P 4X2 TA,2019,PLATEADO,VEHICULO UTILITARIO,12-03-2025,2025,USO PARTICULAR,31-10-2030,No existe registro de polarizado
MBD5790,MAZDA,NEW CX-5 CORE AC 2.0 5P 4X2 TM,2020,ROJO,VEHICULO UTILITARIO,09-06-2025,2025,USO PARTICULAR,30-11-2030,No existe registro de polarizado
MBD5791,TOYOTA,RUSH AC 1.5 5P 4X2 TA,2020,COBRE,JEEP,12-02-2020,2020,PARTICULAR,10-02-2025,No existe registro de polarizado
MBC4432,KIA,CERATO STD AC 1.6 4P 4X2 TM,2015,AMARILLO,AUTOMOVIL,13-12-2024,2024,USO PUBLICO,12-12-2029,No existe registro de polarizado
MBC4433,KIA,CERATO STD AC 1.6 4P 4X2 TM,2015,AMARILLO,AUTOMOVIL,18-04-2023,2023,USO PUBLICO,30-04-2028,No existe registro de polarizado
MBC4434,KIA,CERATO STD AC 1.6 4P 4X2 TM,2015,AMARILLO,AUTOMOVIL,25-05-2023,2023,USO PUBLICO,31-05-2028,No existe registro de polarizado
MBC4435,KIA,SPORTAGE LX DAB AC 2.0 4P 4X2 TM,2015,ROJO,VEHICULO UTILITARIO,19-02-2021,2021,USO PARTICULAR,18-02-2026,No existe registro de polarizado
MBC4436,CHEVROLET,SAIL AC 1.4 4P 4X2 TM,2015,BLANCO,AUTOMOVIL,09-05-2023,2023,USO PARTICULAR,31-07-2028,No existe registro de polarizado
MBC4437,CHEVROLET,SAIL FULL AC 1.4 4P 4X2 TM,2015,BLANCO,AUTOMOVIL,29-08-2023,2023,USO PARTICULAR,31-08-2028,No existe registro de polarizado
MBC4438,HYUNDAI,ACCENT 1.4 4P 4X2 TM,2015,AMARILLO,AUTOMOVIL,18-09-2023,2023,USO PUBLICO,30-09-2028,No existe registro de polarizado
MBC4439,CHEVROLET,D-MAX CRDI FULL AC 3.0 CD 4X4 TM DIESEL,2015,BLANCO,CAMIONETA,16-05-2024,2024,TRANSP. PUBLICO,31-10-2029,No existe registro de polarizado
MBC4440,NISSAN,VERSA AC 1.6 4P 4X2 TM,2015,BLANCO,AUTOMOVIL,03-04-2024,2024,PARTICULAR,02-04-2029,No existe registro de polarizado
MBC4441,KIA,CARNIVAL 11PAS AC 2.9 5P 4X2 TM DIESEL,2015,PLATEADO,CAMIONETA,02-06-2022,2022,PARTICULAR,28-02-2027,No existe registro de polarizado
MBC4442,NISSAN,TIIDA AC 1.6 4P 4X2 TM,2015,PLATEADO,AUTOMOVIL,18-01-2022,2022,USO PARTICULAR,31-03-2027,No existe registro de polarizado
MCL0953,TOYOTA,HILUX 4X2 CS,1995,BLANCO,CAMIONETA,17-04-2024,2024,USO PARTICULAR,30-04-2029,No existe registro de polarizado
MCL0954,NISSAN,JUNIOR,1981,BLANCO,CAMIONETA,28-10-2016,2016,USO PARTICULAR,28-10-2016,No existe registro de polarizado
MCL0956,CHEVROLET,FORSA 1.0L T/M,1997,PLATEADO,AUTOMOVIL,13-12-2022,2022,PARTICULAR,12-12-2027,No existe registro de polarizado
MCL0957,FIAT,124,1974,VINO,AUTOMOVIL,16-12-2011,2011,USO PARTICULAR,31-12-2014,No existe registro de polarizado
MCL0958,VOLVO,244 DL,1976,CREMA,AUTOMOVIL,22-01-2013,2013,USO PARTICULAR,21-01-2018,No existe registro de polarizado
MCL0959,HYUNDAI,HDC 45TON,1996,BLANCO,CAMION,09-05-2023,2023,USO PUBLICO,31-10-2028,No existe registro de polarizado
MCL0960,MAZDA,B2600I CABINA SIMPLE,1997,AZUL,CAMIONETA,25-11-2020,2020,PARTICULAR,30-11-2025,No existe registro de polarizado
MCL0962,TOYOTA,STOUT,1977,AZUL,CAMIONETA,23-03-2023,2023,PARTICULAR,31-03-2028,No existe registro de polarizado
MCL0963,MAZDA,B2600I CABINA SIMPLE,1997,CREMA,CAMIONETA,26-03-2024,2024,USO PARTICULAR,30-04-2029,No existe registro de polarizado
MBF4025,ZXAUTO,TERRALORD HEAVY DUTY AC 2.5 CD 4X2 TM DIESEL,2021,NEGRO,CAMIONETA,20-04-2021,2021,USO PARTICULAR,19-04-2026,No existe registro de polarizado
MBF4026,ZXAUTO,TERRALORD AC 2.5 CD 4X4 TM DIESEL,2021,ROJO,CAMIONETA,20-04-2021,2021,PARTICULAR,19-04-2026,No existe registro de polarizado
MBF4027,HINO,XZU640L-HKMLJ3 AC 4.0 2P 4X2 TM DIESEL CN,2021,BLANCO,CAMION,22-04-2021,2021,PARTICULAR,21-04-2026,No existe registro de polarizado
MBF4028,ZXAUTO,TERRALORD HEAVY DUTY AC 2.4 CD 4X2 TM,2021,BLANCO,CAMIONETA,23-04-2021,2021,PARTICULAR,22-04-2026,No existe registro de polarizado
MBF4029,CITROEN,C3 FEEL AC 1.6 5P 4X2 TM DIESEL,2022,BLANCO,AUTOMOVIL,27-04-2021,2021,PARTICULAR,26-04-2026,No existe registro de polarizado
MBF4030,CITROEN,C3 FEEL AC 1.6 5P 4X2 TM DIESEL,2022,ROJO,AUTOMOVIL,27-04-2021,2021,PARTICULAR,26-04-2026,No existe registro de polarizado
MBF4031,CITROEN,C3 FEEL AC 1.6 5P 4X2 TM DIESEL,2021,VERDE,AUTOMOVIL,27-04-2021,2021,USO PARTICULAR,26-04-2026,No existe registro de polarizado
MBF4032,ZXAUTO,TERRALORD HEAVY DUTY AC 2.4 CD 4X2 TM,2021,BLANCO,CAMIONETA,28-04-2021,2021,USO PARTICULAR,27-04-2026,No existe registro de polarizado
MBF4033,ZXAUTO,TERRALORD HEAVY DUTY AC 2.4 CD 4X2 TM,2022,NEGRO,CAMIONETA,28-04-2021,2021,PARTICULAR,27-04-2026,No existe registro de polarizado
MBF4034,ZXAUTO,TERRALORD HEAVY DUTY AC 2.4 CD 4X2 TM,2022,BLANCO,CAMIONETA,28-04-2021,2021,PARTICULAR,27-04-2026,No existe registro de polarizado
MBF4035,CITROEN,C3 FEEL AC 1.6 5P 4X2 TM DIESEL,2022,BLANCO,AUTOMOVIL,04-05-2021,2021,PARTICULAR,03-05-2026,No existe registro de polarizado
MBG5949,KIA,SONET LX AC 1.5 5P 4X2 TM,2024,CREMA,JEEP,11-04-2024,2024,PARTICULAR,10-04-2029,No existe registro de polarizado
MBG5950,KIA,SOLUTO LX AC 1.4 4P 4X2 TM,2025,BLANCO,AUTOMOVIL,12-04-2024,2024,PARTICULAR,11-04-2029,No existe registro de polarizado
MBG5951,SINOTRUK,HOWO ZZ1057D3414C145 AC 2.7 2P 4X2 TM DIESEL,2024,BLANCO,CAMION,11-04-2024,2024,PARTICULAR,10-04-2029,No existe registro de polarizado
MBG5952,RENAULT,STEPWAY INTENS FASE II AC 1.6 5P 4X2 TM,2024,ROJO,AUTOMOVIL,12-04-2024,2024,PARTICULAR,11-04-2029,No existe registro de polarizado
MBG5953,JMC,N697 2.5T AC 2.8 2P 4X2 TM DIESEL CN,2024,BLANCO,CAMION,12-04-2024,2024,PARTICULAR,11-04-2029,No existe registro de polarizado
PBP2821,TOYOTA,CRESSIDA,1984,CAFE,AUTOMOVIL,02-06-2022,2022,USO PARTICULAR,28-02-2027,No existe registro de polarizado
PBP2822,FORD,EXPLORER XLT 4X4 T/A,2000,PLOMO,VEHICULO UTILITARIO,12-06-2025,2025,USO PARTICULAR,11-06-2030,No existe registro de polarizado
PBP2823,KIA,SORENTO,2011,VINO,VEHICULO UTILITARIO,17-04-2025,2025,USO PARTICULAR,30-04-2030,No existe registro de polarizado
PBP2824,CHEVROLET,VITARA 3P DLX T/M A/A,1998,AZUL,VEHICULO UTILITARIO,29-10-2024,2024,PARTICULAR,28-10-2029,No existe registro de polarizado
PBP2825,TOYOTA,RAV4,2006,PLATEADO,VEHICULO UTILITARIO,11-08-2022,2022,USO PARTICULAR,30-06-2027,No existe registro de polarizado
MMA0076,MAZDA,BT-50 CD 4X4 STD CRD 2.5 FL,2011,AZUL,CAMIONETA,23-10-2020,2020,USO EN GADS Y MANCOMUNIDADES,23-10-2025,No existe registro de polarizado
MBC8528,MAZDA,NEW BT-50 FULL AC 3.2 CD 4X4 TA DIESEL,2017,ROJO,CAMIONETA,08-07-2024,2024,USO PARTICULAR,07-07-2029,No existe registro de polarizado
MBC8529,GREAT WALL,WINGLE FULL AC 2.8 CD 4X2 TM DIESEL,2017,BLANCO,CAMIONETA,18-10-2019,2019,USO PARTICULAR,16-10-2024,No existe registro de polarizado
MBC8530,GREAT WALL,M4 CONFORT AC 1.5 5P 4X2 TM,2017,PLATEADO,JEEP,23-11-2021,2021,USO PARTICULAR,30-11-2026,No existe registro de polarizado
MBC8531,CHEVROLET,D-MAX CRDI 3.0 CD 4X2 TM DIESEL,2017,BLANCO,VEHICULO ESPECIAL,06-09-2016,2016,USO PARTICULAR,13-11-2017,No existe registro de polarizado
MBC8532,CHEVROLET,AVEO EMOTION GLS AC 1.6 4P 4X2 TM,2017,NEGRO,AUTOMOVIL,27-03-2023,2023,USO PARTICULAR,31-03-2028,No existe registro de polarizado
MBC8533,CHEVROLET,SAIL AC 1.4 4P 4X2 TM,2016,PLOMO,AUTOMOVIL,05-12-2024,2024,USO PARTICULAR,04-12-2029,No existe registro de polarizado
MBC8534,CHEVROLET,SAIL AC 1.4 4P 4X2 TM,2016,ROJO,AUTOMOVIL,28-05-2021,2021,USO PARTICULAR,31-05-2026,No existe registro de polarizado
MBC8535,KIA,RIO R LX 1.4 4P 4X2 TM,2017,ROJO,AUTOMOVIL,12-03-2020,2020,USO PARTICULAR,11-03-2025,No existe registro de polarizado
MBC8536,CHEVROLET,D-MAX CRDI 3.0 CD 4X2 TM DIESEL,2017,PLATEADO,CAMIONETA,06-09-2016,2016,USO PARTICULAR,23-05-2017,No existe registro de polarizado
MBC8537,CHEVROLET,SAIL AC 1.4 4P 4X2 TM,2016,PLOMO,AUTOMOVIL,23-08-2021,2021,USO PARTICULAR,31-08-2026,No existe registro de polarizado
MBC8538,MAZDA,BT-50 TSX OUTDOORS CRD AC 2.5 CD 4X4 TM DIESEL,2016,PLATEADO,CAMIONETA,13-08-2021,2021,USO PARTICULAR,30-09-2026,No existe registro de polarizado
MAA4550,JAC,HFC6591KH AC 2.8 2P 4X2 TM DIESEL,2015,AMARILLO,CAMIONETA,20-11-2024,2024,USO PUBLICO,30-11-2029,No existe registro de polarizado
MAA4551,FOTON,VIEW C BJ6536 AC 2.8 4P 4X2 TM DIESEL,2015,AMARILLO,CAMIONETA,11-02-2021,2021,USO PUBLICO,28-02-2026,No existe registro de polarizado
MAA4552,CHEVROLET,AVEO EMOTION GLS AC 1.6 4P 4X2 TM,2016,AMARILLO,AUTOMOVIL,11-02-2022,2022,USO PUBLICO,31-03-2027,No existe registro de polarizado
MAA4553,CHEVROLET,NQR 75L 5.2 2P 4X2 TM DIESEL CN,2015,BLANCO,CAMION,29-08-2022,2022,USO PUBLICO,30-04-2027,No existe registro de polarizado
MAA4554,KIA,RIO R LX TAXI PE AC 1.4 4P 4X2 TM,2015,AMARILLO,AUTOMOVIL,16-05-2024,2024,USO PUBLICO,31-05-2029,No existe registro de polarizado
MAA4555,HINO,AK8JRSA AC 7.7 1P 4X2 TM DIESEL,2016,BLANCO,AUTOBUS,22-02-2021,2021,USO PUBLICO,30-06-2026,No existe registro de polarizado
MAA4556,INTERNATIONAL,4700FE 250HP AC 7.6 1P 4X2 TM DIESEL,2016,BLANCO,AUTOBUS,02-06-2021,2021,TRANSP. PUBLICO,31-07-2026,No existe registro de polarizado
MAA4557,VOLKSWAGEN,10150 OD 4.3 2P 4X2 TM DIESEL,2014,BLANCO,AUTOBUS,23-09-2021,2021,USO PUBLICO,31-08-2026,No existe registro de polarizado
MAA4558,HINO,AK8JRSA-RETARD AC 7.7 1P 4X2 TM DIESEL,2017,BLANCO,AUTOBUS,19-08-2021,2021,USO PUBLICO,30-09-2026,No existe registro de polarizado
MAA4559,KIA,RIO R LX AC 1.4 4P 4X2 TM,2017,AMARILLO,AUTOMOVIL,21-02-2022,2022,USO PUBLICO,20-02-2027,No existe registro de polarizado
MAA4560,HINO,AK8JRSA AC 7.7 2P 4X2 TM DIESEL,2017,CREMA,AUTOBUS,25-11-2021,2021,USO PUBLICO,30-11-2026,No existe registro de polarizado
MCD0239,SUZUKI,FORSA 1.0,1991,NEGRO,AUTOMOVIL,07-12-2023,2023,PARTICULAR,05-12-2028,No existe registro de polarizado
MCD0240,CHEVROLET,VITARA,1991,CELESTE,VEHICULO UTILITARIO,15-02-2024,2024,PARTICULAR,13-02-2029,No existe registro de polarizado
GSZ3646,CHEVROLET,SPARK GT AC 1.2 5P 4X2 TM,2019,VINO,AUTOMOVIL,23-05-2018,2018,USO PARTICULAR,22-05-2023,No existe registro de polarizado
YBA0305,CHEVROLET,OPTRA 1.8L T/M LIMITED,2008,AZUL,AUTOMOVIL,27-12-2019,2019,PARTICULAR,30-06-2024,No existe registro de polarizado
GTC4557,CHEVROLET,BEAT PREMIER AC 1.2 4P 4X2 TM,2019,BLANCO,AUTOMOVIL,21-02-2024,2024,PARTICULAR,19-02-2029,No existe registro de polarizado
GCA6737,CHEVROLET,AVEO FAMILY STD 1.5 4P 4X2 TM,2019,PLATEADO,AUTOMOVIL,05-04-2024,2024,USO PARTICULAR,31-08-2029,No existe registro de polarizado
IAA1943,VOLVO,FM64T AC 12.8 2P 6X4 TM DIESEL,2015,BLANCO,UNIDAD DE CARGA Y REMOLQUE,17-05-2024,2024,TRANSP. PUBLICO,30-04-2029,No existe registro de polarizado
IAA1944,CHEVROLET,FTR 34P 7.8 2P 4X2 TM DIESEL,2015,BLANCO,VEHICULO ESPECIAL,31-05-2024,2024,USO PUBLICO,30-05-2029,No existe registro de polarizado
IAA1945,HINO,AK8JRSA 7.7 4X2 TM DIESEL,2014,BLANCO,AUTOBUS,20-05-2024,2024,USO PUBLICO,19-05-2029,No existe registro de polarizado
IAA1946,HINO,AK8JRSA 7.7 4X2 TM DIESEL,2015,BLANCO,AUTOBUS,20-02-2024,2024,USO PUBLICO,31-07-2029,No existe registro de polarizado
IAA1947,JAC,HFC4255K3R1 AC 11.6 2P 6X4 TM DIESEL,2016,VERDE,UNIDAD DE CARGA Y REMOLQUE,08-05-2023,2023,USO PUBLICO,06-05-2028,No existe registro de polarizado
IAA1948,CHEVROLET,AVEO FAMILY STD 1.5 4P 4X2 TM,2015,AMARILLO,AUTOMOVIL,05-10-2023,2023,USO PUBLICO,03-10-2028,No existe registro de polarizado
IAA1949,HINO,SS1EKSA AC 12.9 2P 6X4 TM DIESEL,2015,BLANCO,UNIDAD DE CARGA Y REMOLQUE,26-12-2024,2024,USO PUBLICO,31-10-2029,No existe registro de polarizado
IAA1951,JAC,HFC1035KD 2.8 2P 4X2 TM DIESEL,2015,BLANCO,CAMION,19-01-2024,2024,USO PUBLICO,28-02-2029,No existe registro de polarizado
IAA1952,CHEVROLET,SAIL STD 1.4 4P 4X2 TM,2015,AMARILLO,AUTOMOVIL,24-04-2023,2023,USO PUBLICO,22-04-2028,No existe registro de polarizado
IAA1953,HYUNDAI,ACCENT 1.6 4P 4X2 TM,2015,AMARILLO,AUTOMOVIL,12-04-2024,2024,USO PUBLICO,30-04-2029,No existe registro de polarizado
PBD9346,HYUNDAI,TUCSON 5P 4X2 2.0 TM,2009,PLATEADO,VEHICULO UTILITARIO,14-07-2023,2023,USO PARTICULAR,12-07-2028,No existe registro de polarizado
PBD9347,TOYOTA,4D COROLLA 1.6 TM,2009,PLATEADO,AUTOMOVIL,22-04-2025,2025,USO PARTICULAR,21-04-2030,No existe registro de polarizado
PBD9348,CHEVROLET,AVEO ACTIVO 1.6L 4P STD,2009,AZUL,AUTOMOVIL,28-01-2025,2025,PARTICULAR,27-01-2030,No existe registro de polarizado
PBD9349,CHEVROLET,LUV D- MAX V6 4X2 CD TA,2008,PLOMO,CAMIONETA,06-06-2022,2022,USO PARTICULAR,05-06-2027,No existe registro de polarizado
PBD9350,MITSUBISHI,CANTER CHASIS 3.5 TON,2009,BLANCO,CAMION,14-04-2025,2025,PARTICULAR,13-04-2030,No existe registro de polarizado
PBD9351,RENAULT,LOGAN 1.6 M/T,2009,PLOMO,AUTOMOVIL,04-02-2017,2017,USO PARTICULAR,03-02-2022,No existe registro de polarizado
PBD9352,TOYOTA,QQ YARIS SEDAN TM,2009,PLOMO,AUTOMOVIL,16-03-2022,2022,PARTICULAR,31-03-2027,No existe registro de polarizado
PBD9353,CHEVROLET,AVEO EMOTION 1.6L STD,2009,ROJO,AUTOMOVIL,07-03-2024,2024,USO PARTICULAR,07-03-2029,No existe registro de polarizado
PBD9354,MITSUBISHI,L200 2.5 TD 4WD DC,2009,NEGRO,CAMIONETA,24-01-2025,2025,PARTICULAR,23-01-2030,No existe registro de polarizado
PBD9355,HYUNDAI,GETZ 5DR 1.6,2009,AZUL,AUTOMOVIL,10-04-2023,2023,USO PARTICULAR,08-04-2028,No existe registro de polarizado
PBD9356,CHEVROLET,GRAND VITARA 2.0L 5P DLX TM 4X2,2009,NEGRO,VEHICULO UTILITARIO,04-11-2021,2021,USO PARTICULAR,03-11-2026,No existe registro de polarizado
PBO5593,MAZDA,MAZDA5 2.0 AT FL,2011,PLATEADO,AUTOMOVIL,20-04-2019,2019,USO PARTICULAR,18-04-2024,No existe registro de polarizado
PBO5594,HINO,GD8JLSA,2011,BLANCO,CAMION,10-04-2025,2025,USO PARTICULAR,09-04-2030,No existe registro de polarizado
PBO5595,HINO,XZU423L-HKMRD3,2011,BLANCO,CAMION,30-07-2024,2024,USO PUBLICO,30-06-2029,No existe registro de polarizado
PBO5596,CHEVROLET,GRAND VITARA 2.0L 5P DLX TM 4X2,2011,NEGRO,VEHICULO UTILITARIO,20-11-2020,2020,USO PARTICULAR,19-11-2025,No existe registro de polarizado
PBO5597,MAZDA,CX 9 4WD GT FL,2010,NEGRO,VEHICULO UTILITARIO,08-02-2022,2022,PARTICULAR,07-02-2027,No existe registro de polarizado
PBO5598,CHEVROLET,AVEO ACTIVO 1.6L 4P STD,2011,VERDE,AUTOMOVIL,16-05-2025,2025,USO PARTICULAR,15-05-2030,No existe registro de polarizado
PBO5599,CHEVROLET,AVEO ACTIVO 1.6L 4P AC,2011,DORADO,AUTOMOVIL,29-05-2023,2023,PARTICULAR,27-05-2028,No existe registro de polarizado
PBO5600,CHEVROLET,AVEO ACTIVO 1.6L 4P STD,2011,AMARILLO,AUTOMOVIL,23-07-2021,2021,USO PUBLICO,22-07-2026,No existe registro de polarizado
PBO5601,CHEVROLET,AVEO ACTIVO 1.6L 4P AC,2011,AMARILLO,AUTOMOVIL,08-12-2022,2022,USO PUBLICO,28-02-2027,No existe registro de polarizado
BBW0835,TOYOTA,ETT HILUX 4X2 CD,2011,NEGRO,CAMIONETA,14-06-2024,2024,USO PARTICULAR,30-06-2029,No existe registro de polarizado
BBW0836,TOYOTA,AWT FORTUNER TM,2011,BLANCO,VEHICULO UTILITARIO,28-07-2020,2020,USO PARTICULAR,31-07-2025,No existe registro de polarizado
BBW0837,TOYOTA,ETT HILUX 4X2 CD,2011,NEGRO,CAMIONETA,31-08-2020,2020,USO PARTICULAR,31-08-2025,No existe registro de polarizado
BBW0838,MAZDA,BT-50 CD 4X2 RAUDA GAS 2.2,2011,BLANCO,CAMIONETA,03-02-2020,2020,PARTICULAR,01-02-2025,No existe registro de polarizado
BBW0839,CHEVROLET,LUV D-MAX 3.5L V6 CD TM 4X4,2009,PLATEADO,VEHICULO ESPECIAL,12-07-2022,2022,USO PARTICULAR,11-07-2027,No existe registro de polarizado
BBW0840,HYUNDAI,SANTA FE 5P 4X2 2.4 TM STD,2011,BLANCO,VEHICULO UTILITARIO,14-10-2024,2024,PARTICULAR,13-10-2029,No existe registro de polarizado
BBW0841,CHEVROLET,AVEO FAMILY 1.5L TM STD,2011,PLATEADO,AUTOMOVIL,25-11-2021,2021,USO PARTICULAR,24-11-2026,No existe registro de polarizado
BBW0842,CHEVROLET,AVEO ACTIVO 1.6L 4P STD,2011,NEGRO,AUTOMOVIL,13-03-2024,2024,USO PARTICULAR,31-03-2029,No existe registro de polarizado
BBW0843,CHEVROLET,NPR71L 4.6 2P 4X2 TM DIESEL,2010,BLANCO,CAMION,27-04-2022,2022,USO PUBLICO,30-04-2027,No existe registro de polarizado
BBW0844,HYUNDAI,I10 5DR 1.1 AC,2011,ROJO,AUTOMOVIL,03-03-2023,2023,USO PARTICULAR,01-03-2028,No existe registro de polarizado
BBW0845,HYUNDAI,H1 2.5 DSL TM 12 PASAJEROS,2011,BLANCO,CAMIONETA,29-06-2022,2022,USO PARTICULAR,30-06-2027,No existe registro de polarizado
GSZ3486,TOYOTA,YARIS HB AC 1.5 5P 4X2 TM,2019,PLOMO,AUTOMOVIL,20-07-2023,2023,USO PARTICULAR,31-07-2028,No existe registro de polarizado
GSZ3487,PEUGEOT,5008N ACT 16E120 BA AC 1.6 5P 4X2 TA,2018,PLOMO,VEHICULO UTILITARIO,05-09-2023,2023,PARTICULAR,31-08-2028,No existe registro de polarizado
GSZ3488,PEUGEOT,3008N ACT 16E BA6 AC 1.6 5P 4X2 TA,2019,ANARANJADO,VEHICULO UTILITARIO,12-10-2023,2023,USO PARTICULAR,30-09-2028,No existe registro de polarizado
GSZ3489,TOYOTA,NEW INNOVA AC 2.7 5P 4X2 TA,2019,PLOMO,AUTOMOVIL,20-10-2023,2023,USO PARTICULAR,31-10-2028,No existe registro de polarizado
GSZ3490,TOYOTA,YARIS HB AC 1.5 5P 4X2 TM,2019,PLATEADO,AUTOMOVIL,08-12-2023,2023,USO PARTICULAR,30-11-2028,No existe registro de polarizado
GSZ3491,PEUGEOT,3008N ACT 16E BA6 AC 1.6 5P 4X2 TA,2019,PLOMO,VEHICULO UTILITARIO,17-06-2022,2022,USO PARTICULAR,16-06-2027,No existe registro de polarizado
GSZ3492,TOYOTA,NEW HILUX SR 2.7 CD 4X4 TM,2019,PLATEADO,CAMIONETA,31-03-2023,2023,USO PARTICULAR,31-03-2028,No existe registro de polarizado
GSZ3493,TOYOTA,YARIS HB AC 1.5 5P 4X2 TM,2019,PLOMO,AUTOMOVIL,19-10-2023,2023,USO PARTICULAR,17-10-2028,No existe registro de polarizado
GSZ3494,TOYOTA,RAV4 AC 2.0 5P 4X2 TM,2019,BLANCO,VEHICULO UTILITARIO,26-01-2023,2023,USO PARTICULAR,31-05-2028,No existe registro de polarizado
GSZ3495,TOYOTA,YARIS HB AC 1.5 5P 4X2 TM,2018,PLOMO,AUTOMOVIL,24-03-2023,2023,USO PARTICULAR,22-03-2028,No existe registro de polarizado
GTC6734,KIA,SPORTAGE SL AC 2.0 5P 4X2 TM,2019,PLOMO,VEHICULO UTILITARIO,31-05-2024,2024,USO PARTICULAR,31-05-2029,No existe registro de polarizado
GTC6735,KIA,NIRO AC 1.6 5P 4X2 TA HYBRID,2019,BLANCO,AUTOMOVIL,25-03-2024,2024,USO PARTICULAR,24-03-2029,No existe registro de polarizado
GTC6736,KIA,RIO LX AC 1.4 4P 4X2 TM,2020,PLOMO,AUTOMOVIL,20-07-2024,2024,USO PARTICULAR,31-07-2029,No existe registro de polarizado
GTC6737,KIA,SPORTAGE SL AC 2.0 5P 4X2 TM,2019,PLATEADO,VEHICULO UTILITARIO,26-08-2024,2024,USO PARTICULAR,31-08-2029,No existe registro de polarizado
GTC6738,KIA,RIO EX AC 1.4 4P 4X2 TM,2020,PLATEADO,AUTOMOVIL,26-10-2023,2023,PARTICULAR,24-10-2028,No existe registro de polarizado
GTC6739,KIA,SPORTAGE SL AC 2.0 5P 4X2 TM,2019,PLOMO,VEHICULO UTILITARIO,16-01-2024,2024,USO PARTICULAR,31-10-2029,No existe registro de polarizado
GTC6740,KIA,NIRO AC 1.6 5P 4X2 TA HYBRID,2019,BLANCO,AUTOMOVIL,11-03-2025,2025,USO PARTICULAR,10-03-2030,No existe registro de polarizado
GTC6741,KIA,PICANTO LX AC 1.0 4P 4X2 TM,2020,ROJO,AUTOMOVIL,29-02-2024,2024,USO PARTICULAR,28-02-2029,No existe registro de polarizado
GTC6742,KIA,RIO LX AC 1.4 4P 4X2 TM,2020,ROJO,AUTOMOVIL,13-03-2024,2024,USO PARTICULAR,31-03-2029,No existe registro de polarizado
GTC6743,KIA,PICANTO LX AC 1.2 4P 4X2 TM,2019,PLOMO,AUTOMOVIL,17-02-2021,2021,USO PARTICULAR,16-02-2026,No existe registro de polarizado
GTC6744,KIA,SPORTAGE R GTI LX AC 2.0 5P 4X2 TA,2020,ROJO,VEHICULO UTILITARIO,30-04-2024,2024,USO PARTICULAR,31-05-2029,No existe registro de polarizado
GTC6745,KIA,RIO LX AC 1.4 4P 4X2 TM,2019,PLATEADO,AUTOMOVIL,26-06-2024,2024,USO PARTICULAR,30-06-2029,No existe registro de polarizado
GTC6746,KIA,SPORTAGE R GTI LX AC 2.0 5P 4X2 TA,2020,ROJO,VEHICULO UTILITARIO,17-07-2024,2024,USO PARTICULAR,31-07-2029,No existe registro de polarizado
GTC6747,KIA,SPORTAGE SL AC 2.0 5P 4X2 TM,2019,PLOMO,VEHICULO UTILITARIO,26-04-2024,2024,USO PARTICULAR,31-08-2029,No existe registro de polarizado
GTC6748,KIA,PICANTO LX AC 1.2 4P 4X2 TM,2019,PLOMO,AUTOMOVIL,31-07-2024,2024,USO PARTICULAR,30-09-2029,No existe registro de polarizado
GTC6749,KIA,NIRO AC 1.6 5P 4X2 TA HYBRID,2019,NEGRO,AUTOMOVIL,10-02-2023,2023,USO PARTICULAR,09-02-2028,No existe registro de polarizado
GTC6750,PEUGEOT,RIFTER ALL 16H B5 AC 1.6 5P 4X2 TM DIESEL,2020,AZUL,CAMIONETA,28-01-2022,2022,USO PARTICULAR,27-01-2027,No existe registro de polarizado
GTC6751,CHANGAN,CS35 LUXURY AC 1.6 5P 4X2 TA,2019,NEGRO,VEHICULO UTILITARIO,21-02-2024,2024,USO PARTICULAR,28-02-2029,No existe registro de polarizado
GTC6752,PEUGEOT,3008N ACT 20H BA6 AC 2.0 5P 4X2 TA DIESEL,2020,PLOMO,VEHICULO UTILITARIO,25-04-2024,2024,USO PARTICULAR,31-03-2029,No existe registro de polarizado
GTC6753,PEUGEOT,2008 ACTPK 12E BA6S AC 1.2 5P 4X2 TA,2020,AZUL,VEHICULO UTILITARIO,22-03-2022,2022,USO PARTICULAR,21-03-2027,No existe registro de polarizado
YBA4935,CHEVROLET,D-MAX CRDI HI RIDE AC 2.5 CD 4X2 TM DIESEL,2023,BLANCO,CAMIONETA,20-04-2022,2022,PARTICULAR,19-04-2027,No existe registro de polarizado
YBA4936,GREAT WALL,HAVAL H6 B01 SUPREME AC 2.0 5P 4X2 TA,2023,ROJO,JEEP,21-04-2022,2022,PARTICULAR,20-04-2027,No existe registro de polarizado
YBA4937,NISSAN,ROGUE S AC 2.5 5P 4X2 TA,2018,PLATEADO,JEEP,21-04-2022,2022,PARTICULAR,20-04-2027,No existe registro de polarizado
YBA4938,CHEVROLET,BEAT PREMIER AC 1.2 4P 4X2 TM,2022,AZUL,AUTOMOVIL,21-04-2022,2022,PARTICULAR,20-04-2027,No existe registro de polarizado
YBA4939,HINO,XZU720L-HKFRL3 AC 4.0 2P 4X2 TM DIESEL,2022,BLANCO,CAMION,22-04-2022,2022,PARTICULAR,21-04-2027,No existe registro de polarizado
YBA4940,CHEVROLET,D-MAX CRDI HI RIDE AC 2.5 CD 4X2 TM DIESEL,2023,NEGRO,CAMIONETA,22-04-2022,2022,PARTICULAR,21-04-2027,No existe registro de polarizado
YBA4941,CHEVROLET,ONIX LTZ TURBO AC 1.0 4P 4X2 TM,2022,BLANCO,AUTOMOVIL,25-04-2022,2022,PARTICULAR,24-04-2027,No existe registro de polarizado
YBA4942,CHEVROLET,ONIX LTZ TURBO AC 1.0 4P 4X2 TM,2022,BLANCO,AUTOMOVIL,25-04-2022,2022,PARTICULAR,24-04-2027,No existe registro de polarizado
YBA4943,GREAT WALL,POER PILOT AC 2.0 CD 4X4 TM DIESEL,2023,PLATEADO,CAMIONETA,02-11-2022,2022,PARTICULAR,01-11-2027,No existe registro de polarizado
YBA4944,GREAT WALL,WINGLE 7 AC 2.0 CD 4X4 TM DIESEL,2023,BLANCO,CAMIONETA,15-11-2022,2022,PARTICULAR,14-11-2027,No existe registro de polarizado
YBA4945,GREAT WALL,POER AC 2.0 CD 4X2 TM DIESEL,2023,BLANCO,CAMIONETA,16-11-2022,2022,PARTICULAR,15-11-2027,No existe registro de polarizado
YBA4946,SHINERAY,SWM G01 AC 1.5 5P 4X2 TM,2023,ROJO,JEEP,17-11-2022,2022,PARTICULAR,16-11-2027,No existe registro de polarizado
YBA4947,SHINERAY,X30L VAN AC 1.5 4P 4X2 TM,2023,PLOMO,CAMIONETA,17-11-2022,2022,PARTICULAR,16-11-2027,No existe registro de polarizado
YBA4948,SHINERAY,MPV750 8P AC 1.6 5P 4X2 TM,2023,BLANCO,JEEP,17-11-2022,2022,PARTICULAR,16-11-2027,No existe registro de polarizado
YBA4949,CHEVROLET,D-MAX CRDI HI RIDE AC 2.5 CD 4X2 TM DIESEL,2023,PLATEADO,CAMIONETA,05-06-2025,2025,USO PARTICULAR,04-06-2030,No existe registro de polarizado
YBA4950,CHEVROLET,ONIX LTZ TURBO AC 1.0 4P 4X2 TM,2023,PLATEADO,AUTOMOVIL,12-06-2023,2023,USO PARTICULAR,10-06-2028,No existe registro de polarizado
YBA4951,SHINERAY,SWM G01 AC 1.5 5P 4X2 TM,2023,NEGRO,VEHICULO ESPECIAL,23-11-2022,2022,USO PARTICULAR,22-11-2027,No existe registro de polarizado
YBA4952,CHEVROLET,JOY BLACK AC 1.4 5P 4X2 TM,2023,ROJO,AUTOMOVIL,18-06-2025,2025,USO PARTICULAR,17-06-2030,No existe registro de polarizado
YBA4953,CHEVROLET,JOY BLACK AC 1.4 5P 4X2 TM,2023,PLOMO,AUTOMOVIL,24-11-2022,2022,PARTICULAR,23-11-2027,No existe registro de polarizado
YBA4954,CHEVROLET,JOY BLACK AC 1.4 5P 4X2 TM,2023,ROJO,AUTOMOVIL,24-11-2022,2022,PARTICULAR,23-11-2027,No existe registro de polarizado
YBA4955,CHEVROLET,SAIL LS AC 1.5 4P 4X2 TM,2023,BLANCO,AUTOMOVIL,26-01-2023,2023,PARTICULAR,25-01-2028,No existe registro de polarizado
YBA4956,GREAT WALL,WINGLE STEED AC 2.4 CD 4X2 TM,2023,BLANCO,CAMIONETA,31-01-2023,2023,PARTICULAR,30-01-2028,No existe registro de polarizado
YBA4957,CHEVROLET,ONIX LTZ TURBO AC 1.0 4P 4X2 TM,2023,PLATEADO,AUTOMOVIL,01-02-2023,2023,PARTICULAR,31-01-2028,No existe registro de polarizado
YBA4958,CHEVROLET,SAIL LS AC 1.5 4P 4X2 TM,2023,BLANCO,AUTOMOVIL,01-02-2023,2023,PARTICULAR,31-01-2028,No existe registro de polarizado
YBA4959,GREAT WALL,POER AC 2.0 CD 4X2 TM DIESEL,2023,PLATEADO,CAMIONETA,03-02-2023,2023,PARTICULAR,02-02-2028,No existe registro de polarizado
YBA4960,CHEVROLET,ONIX LTZ TURBO AC 1.0 4P 4X2 TM,2023,BLANCO,AUTOMOVIL,03-02-2023,2023,PARTICULAR,02-02-2028,No existe registro de polarizado
YBA4961,GREAT WALL,POER AC 2.0 CD 4X2 TM DIESEL,2023,BLANCO,VEHICULO ESPECIAL,09-02-2023,2023,USO PARTICULAR,08-02-2028,No existe registro de polarizado
YBA4962,GREAT WALL,POER AC 2.0 CD 4X2 TM DIESEL,2023,BLANCO,CAMIONETA,09-02-2023,2023,PARTICULAR,08-02-2028,No existe registro de polarizado
YBA4963,GREAT WALL,POER AC 2.0 CD 4X2 TM DIESEL,2023,BLANCO,CAMIONETA,13-05-2024,2024,PARTICULAR,12-05-2029,No existe registro de polarizado
YBA4964,CHEVROLET,ONIX LT TURBO AC 1.0 5P 4X2 TM,2023,ROJO,AUTOMOVIL,09-02-2023,2023,PARTICULAR,08-02-2028,No existe registro de polarizado
GSZ5116,TOYOTA,LAND CRUISER 200 VX AC 4.6 5P 4X4 TA,2019,PLATEADO,VEHICULO UTILITARIO,11-06-2018,2018,USO PARTICULAR,10-06-2023,No existe registro de polarizado
GSZ5117,TOYOTA,NEW FORTUNER AC 4.0 5P 4X4 TA,2018,PLOMO,VEHICULO UTILITARIO,14-10-2020,2020,USO PARTICULAR,13-10-2025,No existe registro de polarizado
GSZ5118,PEUGEOT,2008 ACTPK 16E BA6 AC 1.6 5P 4X2 TA,2019,NEGRO,VEHICULO UTILITARIO,15-03-2025,2025,USO PARTICULAR,14-03-2030,No existe registro de polarizado
GSZ5119,TOYOTA,NEW FORTUNER AC 2.7 5P 4X4 TA,2019,CAFE,VEHICULO UTILITARIO,24-10-2023,2023,USO PARTICULAR,31-10-2028,No existe registro de polarizado
GSZ5120,PEUGEOT,301 N1 16E AC 1.6 4P 4X2 TM,2019,PLOMO,AUTOMOVIL,27-11-2023,2023,USO PARTICULAR,30-11-2028,No existe registro de polarizado
GSZ5121,PEUGEOT,3008N ALL 16E BA6 AC 1.6 5P 4X2 TA,2019,PLOMO,VEHICULO UTILITARIO,22-04-2025,2025,USO PARTICULAR,21-04-2030,No existe registro de polarizado
GSZ5122,TOYOTA,NEW FORTUNER AC 2.7 5P 4X4 TM,2019,PLOMO,VEHICULO UTILITARIO,03-04-2023,2023,USO PARTICULAR,31-03-2028,No existe registro de polarizado
GSZ5123,TOYOTA,PRIUS 4G AC 1.8 4P 4X2 TA HYBRID,2018,PLOMO,AUTOMOVIL,11-04-2024,2024,USO PARTICULAR,30-04-2029,No existe registro de polarizado
GSZ5124,TOYOTA,NEW FORTUNER AC 2.7 5P 4X4 TA,2019,PLATEADO,VEHICULO UTILITARIO,14-05-2025,2025,USO PARTICULAR,13-05-2030,No existe registro de polarizado
GSZ5125,TOYOTA,YARIS HB AC 1.5 5P 4X2 TM,2019,NEGRO,AUTOMOVIL,14-08-2024,2024,USO PARTICULAR,13-08-2029,No existe registro de polarizado
GSZ5126,TOYOTA,HILUX 2.7 CD 4X2 TM,2019,NEGRO,CAMIONETA,28-08-2024,2024,USO PARTICULAR,28-08-2029,No existe registro de polarizado
GSZ5127,TOYOTA,RAV4 CVT AC 2.0 5P 4X2 TA,2019,PLOMO,VEHICULO UTILITARIO,17-08-2023,2023,USO PARTICULAR,31-08-2028,No existe registro de polarizado
GSZ5128,PEUGEOT,2008 ACTPK 16E BA6 AC 1.6 5P 4X2 TA,2019,ROJO,VEHICULO UTILITARIO,16-05-2025,2025,USO PARTICULAR,15-05-2030,No existe registro de polarizado
GSZ5129,CHANGAN,CS35 LUXURY AC 1.6 5P 4X2 TA,2019,BLANCO,VEHICULO UTILITARIO,16-05-2023,2023,USO PARTICULAR,31-10-2028,No existe registro de polarizado
GSZ5130,CHANGAN,CS15 ELITE AC 1.5 5P 4X2 TM,2018,PLATEADO,VEHICULO UTILITARIO,02-02-2023,2023,USO PARTICULAR,30-11-2028,No existe registro de polarizado
GSZ5131,TOYOTA,NEW FORTUNER AC 2.7 5P 4X4 TM,2018,PLOMO,VEHICULO UTILITARIO,26-11-2021,2021,USO PARTICULAR,25-11-2026,No existe registro de polarizado
GSZ5132,TOYOTA,PRIUS 4G AC 1.8 5P 4X2 TA HYBRID,2018,NEGRO,AUTOMOVIL,14-05-2025,2025,USO PARTICULAR,31-03-2030,No existe registro de polarizado
GSZ5133,TOYOTA,NEW FORTUNER AC 2.7 5P 4X4 TA,2019,BLANCO,VEHICULO UTILITARIO,14-04-2023,2023,USO PARTICULAR,30-04-2028,No existe registro de polarizado
GSZ5134,PEUGEOT,5008N ACT 16E120 BA AC 1.6 5P 4X2 TA,2018,PLOMO,VEHICULO UTILITARIO,19-06-2023,2023,USO PARTICULAR,31-05-2028,No existe registro de polarizado
GSZ5135,PEUGEOT,301 N1 16HDI BM5 AC 1.6 4P 4X2 TM DIESEL,2019,PLOMO,AUTOMOVIL,07-07-2023,2023,USO PARTICULAR,30-06-2028,No existe registro de polarizado
GSZ5136,PEUGEOT,301 N1 16E AC 1.6 4P 4X2 TM,2019,PLOMO,AUTOMOVIL,03-08-2023,2023,USO PARTICULAR,31-07-2028,No existe registro de polarizado
GSZ5137,TOYOTA,NEW FORTUNER AC 2.7 5P 4X4 TM,2019,CAFE,VEHICULO UTILITARIO,04-03-2022,2022,USO PARTICULAR,03-03-2027,No existe registro de polarizado
GSZ5138,CHANGAN,CS15 ELITE AC 1.5 5P 4X2 TM,2019,ANARANJADO,VEHICULO UTILITARIO,13-11-2023,2023,USO PARTICULAR,11-11-2028,No existe registro de polarizado
GSZ5139,CHANGAN,CS15 COMFORT AC 1.5 5P 4X2 TM,2019,ROJO,VEHICULO UTILITARIO,13-06-2018,2018,USO PARTICULAR,12-06-2023,No existe registro de polarizado
GSZ5140,TOYOTA,RAV4 CVT AC 2.0 5P 4X2 TA,2019,BLANCO,VEHICULO UTILITARIO,15-06-2023,2023,USO PARTICULAR,30-11-2028,No existe registro de polarizado
GSZ5141,CHANGAN,CS15 ELITE AC 1.5 5P 4X2 TM,2018,PLATEADO,VEHICULO UTILITARIO,13-06-2018,2018,USO PARTICULAR,12-06-2023,No existe registro de polarizado
GSZ5142,TOYOTA,LAND CRUISER 200 VX AC 4.6 5P 4X4 TA,2019,AZUL,VEHICULO UTILITARIO,27-03-2023,2023,USO PARTICULAR,31-03-2028,No existe registro de polarizado
GSZ5143,TOYOTA,YARIS SD CVT AC 1.5 4P 4X2 TA,2018,NEGRO,AUTOMOVIL,12-04-2024,2024,USO PARTICULAR,11-04-2029,No existe registro de polarizado
GSZ5144,PEUGEOT,301 N1 16E AC 1.6 4P 4X2 TM,2019,CAFE,AUTOMOVIL,09-11-2023,2023,USO PARTICULAR,07-11-2028,No existe registro de polarizado
GSZ5145,TOYOTA,HILUX 2.7 CD 4X2 TM,2018,NEGRO,CAMIONETA,19-06-2023,2023,USO PARTICULAR,30-06-2028,No existe registro de polarizado
GSZ5146,CHANGAN,CS15 ELITE AC 1.5 5P 4X2 TM,2019,PLATEADO,VEHICULO UTILITARIO,24-07-2023,2023,USO PARTICULAR,24-07-2028,No existe registro de polarizado
GSZ5147,TOYOTA,RAV4 CVT AC 2.0 5P 4X2 TA,2019,PLOMO,VEHICULO UTILITARIO,24-02-2025,2025,USO PARTICULAR,23-02-2030,No existe registro de polarizado
GSZ5148,TOYOTA,HILUX 2.7 CD 4X2 TM,2018,BLANCO,CAMIONETA,25-09-2023,2023,USO PARTICULAR,30-09-2028,No existe registro de polarizado
GSZ5149,TOYOTA,HILUX 2.7 CD 4X2 TM,2019,PLOMO,CAMIONETA,14-06-2023,2023,USO PARTICULAR,31-10-2028,No existe registro de polarizado
GSZ5150,CHANGAN,CS15 ELITE AC 1.5 5P 4X2 TM,2019,DORADO,VEHICULO UTILITARIO,13-07-2023,2023,PARTICULAR,30-11-2028,No existe registro de polarizado
GSZ5151,PEUGEOT,301 N1 16E AC 1.6 4P 4X2 TM,2019,CAFE,AUTOMOVIL,07-09-2023,2023,USO PARTICULAR,29-02-2028,No existe registro de polarizado
GSZ5152,PEUGEOT,301 N1 16E AC 1.6 4P 4X2 TM,2019,PLOMO,AUTOMOVIL,15-05-2024,2024,USO PARTICULAR,31-03-2029,No existe registro de polarizado
GSZ5153,PEUGEOT,3008N ACT 20H B6 AC 2.0 5P 4X2 TM DIESEL,2019,PLOMO,VEHICULO UTILITARIO,28-12-2023,2023,USO PARTICULAR,30-04-2028,No existe registro de polarizado
GSZ5154,PEUGEOT,301 N1 16E AC 1.6 4P 4X2 TM,2019,BLANCO,AUTOMOVIL,14-03-2024,2024,USO PARTICULAR,13-03-2029,No existe registro de polarizado
GSZ5155,CHANGAN,CS15 ELITE AC 1.5 5P 4X2 TM,2019,PLATEADO,VEHICULO UTILITARIO,28-06-2023,2023,USO PARTICULAR,30-06-2028,No existe registro de polarizado
GSZ5156,TOYOTA,YARIS SD CVT AC 1.5 4P 4X2 TA,2019,PLATEADO,AUTOMOVIL,13-07-2024,2024,USO PARTICULAR,31-07-2029,No existe registro de polarizado
GSZ5157,TOYOTA,NEW FORTUNER AC 2.7 5P 4X4 TA,2019,PLATEADO,VEHICULO UTILITARIO,22-12-2023,2023,USO PARTICULAR,20-12-2028,No existe registro de polarizado
GSZ5158,TOYOTA,YARIS HB AC 1.5 5P 4X2 TM,2019,PLATEADO,AUTOMOVIL,26-05-2025,2025,USO PARTICULAR,30-09-2030,No existe registro de polarizado
GSZ5159,TOYOTA,NEW FORTUNER AC 4.0 5P 4X4 TA,2019,NEGRO,VEHICULO UTILITARIO,21-09-2022,2022,USO PARTICULAR,20-09-2027,No existe registro de polarizado
GSZ5160,TOYOTA,HILUX 2.7 CD 4X2 TM,2019,ROJO,CAMIONETA,01-05-2024,2024,USO PARTICULAR,30-04-2029,No existe registro de polarizado
GSZ5161,TOYOTA,NEW FORTUNER AC 2.7 5P 4X4 TA,2019,PLATEADO,VEHICULO UTILITARIO,25-01-2023,2023,USO PARTICULAR,29-02-2028,No existe registro de polarizado
GSZ5162,PEUGEOT,301 N1 16E AC 1.6 4P 4X2 TM,2019,AZUL,AUTOMOVIL,21-05-2025,2025,USO PARTICULAR,20-05-2030,No existe registro de polarizado
GSZ5163,PEUGEOT,301 N1 16E AC 1.6 4P 4X2 TM,2019,BLANCO,AUTOMOVIL,16-01-2024,2024,USO PARTICULAR,14-01-2029,No existe registro de polarizado
GSZ5164,TOYOTA,YARIS HB AC 1.5 5P 4X2 TM,2019,PLOMO,AUTOMOVIL,05-05-2023,2023,USO PARTICULAR,31-05-2028,No existe registro de polarizado
GSZ5165,TOYOTA,NEW INNOVA AC 2.7 5P 4X2 TA,2018,PLATEADO,AUTOMOVIL,21-02-2025,2025,USO PARTICULAR,20-02-2030,No existe registro de polarizado
GTH9223,GREAT WALL,POER AC 2.0 CD 4X2 TM DIESEL,2023,PLATEADO,CAMIONETA,18-04-2022,2022,USO PARTICULAR,17-04-2027,No existe registro de polarizado
GTH9224,SOUEAST,DX3 CONFORT AC 1.5 5P 4X2 TM,2022,BLANCO,VEHICULO UTILITARIO,19-04-2022,2022,USO PARTICULAR,18-04-2027,No existe registro de polarizado
GTH9225,GREAT WALL,HAVAL H6 CONFORT AC 1.5 5P 4X2 TM,2021,BLANCO,VEHICULO UTILITARIO,19-04-2022,2022,USO PARTICULAR,18-04-2027,No existe registro de polarizado
GTH9226,SHINERAY,X30 CARGO AC 1.5 5P 4X2 TM,2023,BLANCO,CAMIONETA,19-04-2022,2022,USO PARTICULAR,18-04-2027,No existe registro de polarizado
GTH9227,SHINERAY,SWM G01 AC 1.5 5P 4X2 TM,2023,ROJO,VEHICULO UTILITARIO,19-04-2022,2022,USO PARTICULAR,18-04-2027,No existe registro de polarizado
GTH9228,DFSK,GLORY 560 AC 1.8 5P 4X2 TM,2023,ROJO,VEHICULO UTILITARIO,19-04-2022,2022,USO PARTICULAR,18-04-2027,No existe registro de polarizado
GTH9229,SHINERAY,X30L VAN AC 1.5 4P 4X2 TM,2023,BLANCO,CAMIONETA,19-04-2022,2022,USO PARTICULAR,18-04-2027,No existe registro de polarizado
GTH9230,SHINERAY,SWM G01 AC 1.5 5P 4X2 TM,2023,ROJO,VEHICULO UTILITARIO,19-04-2022,2022,USO PARTICULAR,18-04-2027,No existe registro de polarizado
GTH9231,GREAT WALL,POER AC 2.0 CD 4X2 TM DIESEL,2023,NEGRO,CAMIONETA,19-04-2022,2022,USO PARTICULAR,18-04-2027,No existe registro de polarizado
GTH9232,GREAT WALL,WINGLE STEED AC 2.4 CD 4X2 TM,2023,ROJO,CAMIONETA,19-04-2022,2022,USO PARTICULAR,18-04-2027,No existe registro de polarizado
GTH9233,GREAT WALL,POER AC 2.0 CD 4X2 TM,2022,PLATEADO,CAMIONETA,19-04-2022,2022,USO PARTICULAR,18-04-2027,No existe registro de polarizado
GTH9234,GREAT WALL,WINGLE STEED AC 2.4 CD 4X2 TM,2022,BLANCO,CAMIONETA,19-04-2022,2022,USO PARTICULAR,18-04-2027,No existe registro de polarizado
GTH9235,DFSK,K07S VAN AC 1.2 4P 4X2 TM,2022,PLATEADO,CAMIONETA,20-04-2022,2022,USO PARTICULAR,19-04-2027,No existe registro de polarizado
GTH9236,DFSK,GLORY 560 AC 1.8 5P 4X2 TM,2022,AZUL,VEHICULO UTILITARIO,20-04-2022,2022,USO PARTICULAR,19-04-2027,No existe registro de polarizado
GTH9237,GREAT WALL,WINGLE 7 AC 2.0 CD 4X4 TM DIESEL,2023,PLOMO,CAMIONETA,20-04-2022,2022,USO PARTICULAR,19-04-2027,No existe registro de polarizado
GTH9238,DFSK,GLORY 560 AC 1.8 5P 4X2 TM,2023,BLANCO,VEHICULO UTILITARIO,22-05-2025,2025,USO PARTICULAR,21-05-2030,No existe registro de polarizado
GTH9239,SHINERAY,X30L VAN AC 1.5 4P 4X2 TM,2023,BLANCO,CAMIONETA,20-04-2022,2022,USO PARTICULAR,19-04-2027,No existe registro de polarizado
GTH9240,SHINERAY,SWM G01 AC 1.5 5P 4X2 TM,2023,NEGRO,VEHICULO UTILITARIO,20-04-2022,2022,USO PARTICULAR,19-04-2027,No existe registro de polarizado
GTH9241,SHINERAY,SWM G01 AC 1.5 5P 4X2 TM,2023,NEGRO,VEHICULO UTILITARIO,20-04-2022,2022,USO PARTICULAR,19-04-2027,No existe registro de polarizado
GTH9242,SHINERAY,SWM G01 AC 1.5 5P 4X2 TM,2023,NEGRO,VEHICULO UTILITARIO,20-04-2022,2022,USO PARTICULAR,19-04-2027,No existe registro de polarizado
GTH9243,SHINERAY,SWM G01 AC 1.5 5P 4X2 TM,2023,NEGRO,VEHICULO UTILITARIO,20-04-2022,2022,USO PARTICULAR,19-04-2027,No existe registro de polarizado
GTH9244,SHINERAY,SWM G01 AC 1.5 5P 4X2 TM,2023,NEGRO,VEHICULO UTILITARIO,20-04-2022,2022,USO PARTICULAR,19-04-2027,No existe registro de polarizado
GTH9245,SHINERAY,SWM G01 AC 1.5 5P 4X2 TM,2023,BLANCO,VEHICULO UTILITARIO,20-08-2024,2024,USO PARTICULAR,19-08-2029,No existe registro de polarizado
GTH9246,SHINERAY,SWM G01 AC 1.5 5P 4X2 TM,2023,PLOMO,VEHICULO UTILITARIO,21-04-2022,2022,USO PARTICULAR,20-04-2027,No existe registro de polarizado
GTH9247,SHINERAY,SWM G01 AC 1.5 5P 4X2 TM,2023,PLOMO,VEHICULO UTILITARIO,18-03-2023,2023,USO PARTICULAR,16-03-2028,No existe registro de polarizado
GTH9248,GREAT WALL,WINGLE 7 AC 2.0 CD 4X2 TM DIESEL,2022,NEGRO,CAMIONETA,21-04-2022,2022,USO PARTICULAR,20-04-2027,No existe registro de polarizado
GTH9249,SHINERAY,MPV750 8P AC 1.6 5P 4X2 TM,2023,NEGRO,VEHICULO UTILITARIO,21-04-2022,2022,USO PARTICULAR,20-04-2027,No existe registro de polarizado
GTH9250,DFSK,C37 VAN AC 1.5 3P 4X2 TM,2023,AZUL,CAMIONETA,22-04-2022,2022,USO PARTICULAR,21-04-2027,No existe registro de polarizado
GTH9251,SHINERAY,MPV750 8P AC 1.6 5P 4X2 TM,2023,BLANCO,VEHICULO UTILITARIO,21-04-2022,2022,USO PARTICULAR,20-04-2027,No existe registro de polarizado
GTH9252,SHINERAY,X30L VAN AC 1.5 4P 4X2 TM,2023,BLANCO,CAMIONETA,30-06-2023,2023,PARTICULAR,21-05-2025,No existe registro de polarizado
ABC2765,TOYOTA,AWT FORTUNER TM,2012,PLATEADO,VEHICULO UTILITARIO,16-05-2024,2024,USO PARTICULAR,15-05-2029,No existe registro de polarizado
ABC2766,TOYOTA,AWT FORTUNER TM,2012,DORADO,VEHICULO UTILITARIO,31-07-2020,2020,USO PARTICULAR,31-07-2025,No existe registro de polarizado
ABC2767,RENAULT,LOGAN 1.4 MT,2012,BLANCO,AUTOMOVIL,04-08-2021,2021,USO PARTICULAR,03-08-2026,No existe registro de polarizado
ABC2768,TOYOTA,AWT FORTUNER TM,2011,PLATEADO,VEHICULO UTILITARIO,20-07-2021,2021,USO PARTICULAR,19-07-2026,No existe registro de polarizado
ABC2769,TOYOTA,CCT HILUX 4X4 CD DIESEL,2012,PLATEADO,CAMIONETA,13-10-2020,2020,USO PARTICULAR,31-10-2025,No existe registro de polarizado
ABC2770,TOYOTA,BRT HILUX 4X4 CD SR,2012,PLATEADO,CAMIONETA,16-05-2024,2024,USO PARTICULAR,30-11-2029,No existe registro de polarizado
ABC2771,TOYOTA,ETT HILUX 4X2 CD,2012,BLANCO,CAMIONETA,05-06-2024,2024,USO PARTICULAR,28-02-2029,No existe registro de polarizado
ABC2772,TOYOTA,AA PRIUS HIBRIDO,2012,PLATEADO,AUTOMOVIL,25-05-2023,2023,USO PARTICULAR,23-05-2028,No existe registro de polarizado
ABC2773,TOYOTA,EST HILUX 2.7 CS 4X2 TM,2012,PLATEADO,CAMIONETA,13-05-2021,2021,USO PARTICULAR,12-05-2026,No existe registro de polarizado
ABC2774,TOYOTA,AA HIACE DIESEL PAS,2012,BLANCO,CAMIONETA,30-01-2025,2025,USO PARTICULAR,29-01-2030,No existe registro de polarizado
ABC2775,CHEVROLET,GRAND VITARA 2.0L 5P DLX TM 4X2,2012,PLATEADO,VEHICULO UTILITARIO,01-07-2024,2024,USO PARTICULAR,30-06-2029,No existe registro de polarizado
ABC2776,SUZUKI,GRAND VITARA SZ 2.4L 5P TA 4X4,2011,BLANCO,VEHICULO UTILITARIO,25-07-2020,2020,USO PARTICULAR,24-07-2025,No existe registro de polarizado
ABC2777,CHEVROLET,SPARK 5P STD 1.0L ACTIVO,2012,ROJO,AUTOMOVIL,21-10-2024,2024,PARTICULAR,20-10-2029,No existe registro de polarizado
ABC2778,KIA,SORENTO 3.5L GSL AT 4X4,2012,NEGRO,VEHICULO UTILITARIO,19-01-2024,2024,USO PARTICULAR,17-01-2029,No existe registro de polarizado
ABC2779,KIA,SORENTO 3.5L GSL AT 4X4,2012,PLOMO,VEHICULO UTILITARIO,14-10-2021,2021,USO PARTICULAR,31-10-2026,No existe registro de polarizado
ABC2780,KIA,SPORTAGE L,2012,PLATEADO,VEHICULO UTILITARIO,18-11-2022,2022,USO PARTICULAR,30-11-2027,No existe registro de polarizado
ABC2781,KIA,SPORTAGE R 2.0L 4X2 GSL MT,2012,ROJO,VEHICULO UTILITARIO,12-02-2025,2025,USO PARTICULAR,28-02-2030,No existe registro de polarizado
ABC2782,CHEVROLET,NMR 85H CAMION 3.0 2P 4X2 TM DIESEL,2011,BLANCO,CAMION,17-03-2023,2023,USO PARTICULAR,31-03-2028,No existe registro de polarizado
ABC2783,KIA,SPORTAGE R 2.0L 4X2 GSL MT FULL,2012,ROJO,VEHICULO UTILITARIO,18-06-2025,2025,USO PARTICULAR,17-06-2030,No existe registro de polarizado
ABC2784,TOYOTA,CCT HILUX 4X4 CD DIESEL,2012,BLANCO,CAMIONETA,30-01-2024,2024,USO PUBLICO,31-05-2029,No existe registro de polarizado
ABC2785,FORD,F150 SC 4X2,2011,NEGRO,CAMIONETA,12-07-2023,2023,USO PARTICULAR,10-07-2028,No existe registro de polarizado
ABC2786,CHEVROLET,AVEO EMOTION 1.6L AC,2012,BLANCO,AUTOMOVIL,28-12-2023,2023,USO PARTICULAR,26-12-2028,No existe registro de polarizado
ABC2787,DONGFENG,DFL4181A,2012,BLANCO,CAMION,30-12-2020,2020,USO PARTICULAR,31-08-2025,No existe registro de polarizado
ABC2788,KIA,SPORTAGE L,2012,PLOMO,VEHICULO UTILITARIO,09-06-2025,2025,USO PARTICULAR,30-09-2030,No existe registro de polarizado
ABC2789,KIA,RIO 1.4L LX 4P,2012,ROJO,AUTOMOVIL,15-01-2024,2024,USO PARTICULAR,13-01-2029,No existe registro de polarizado
ABC2790,CHEVROLET,LUV D-MAX 3.0L DIESEL CD TM 4X4,2012,PLOMO,CAMIONETA,15-12-2021,2021,USO PARTICULAR,30-11-2026,No existe registro de polarizado
ABC2791,CHEVROLET,AVEO ACTIVO 1.6L 4P AC,2012,PLATEADO,AUTOMOVIL,25-01-2024,2024,USO PARTICULAR,28-02-2029,No existe registro de polarizado
ABC2792,CHEVROLET,SPARK 5P STD 1.0L ACTIVO,2012,BLANCO,AUTOMOVIL,27-05-2025,2025,USO PARTICULAR,26-05-2030,No existe registro de polarizado
ABC2793,TOYOTA,BWT FORTUNER TM,2012,PLATEADO,VEHICULO UTILITARIO,27-04-2023,2023,USO PARTICULAR,25-04-2028,No existe registro de polarizado
ABC2794,TOYOTA,AWT FORTUNER TM,2012,PLOMO,VEHICULO UTILITARIO,13-06-2025,2025,USO PARTICULAR,31-05-2030,No existe registro de polarizado
ABC2795,TOYOTA,AA HIGHLANDER HIBRIDO LIMITED,2010,BLANCO,VEHICULO UTILITARIO,21-06-2022,2022,PARTICULAR,20-06-2027,No existe registro de polarizado
ABC2796,TOYOTA,CCT HILUX 4X4 CD DIESEL,2012,BLANCO,CAMIONETA,23-07-2021,2021,USO PARTICULAR,31-07-2026,No existe registro de polarizado
ABC2797,TOYOTA,AWT FORTUNER TM,2012,PLOMO,VEHICULO UTILITARIO,22-10-2020,2020,USO PARTICULAR,31-08-2025,No existe registro de polarizado
ABC2798,CHEVROLET,LUV D-MAX 2.4L CD TM 4X2 OPTIMA,2011,BLANCO,CAMIONETA,07-09-2021,2021,USO PARTICULAR,30-09-2026,No existe registro de polarizado
ABC2799,CHEVROLET,AVEO FAMILY 1.5L TM STD,2012,PLOMO,AUTOMOVIL,16-08-2024,2024,USO PARTICULAR,15-08-2029,No existe registro de polarizado
ABC2800,KIA,SPORTAGE R 2.0L 4X2 GSL MT,2012,ROJO,VEHICULO UTILITARIO,06-12-2023,2023,USO PARTICULAR,04-12-2028,No existe registro de polarizado
ABC2801,KIA,SOUL 1.6L LX MT,2012,PLATEADO,AUTOMOVIL,16-02-2024,2024,PARTICULAR,28-02-2029,No existe registro de polarizado
ABC2802,KIA,SPORTAGE R 2.0L 4X2 GSL MT FULL,2012,NEGRO,VEHICULO UTILITARIO,12-02-2025,2025,USO PARTICULAR,11-02-2030,No existe registro de polarizado
ABC2803,KIA,SPORTAGE R 2.0L 4X2 GSL MT,2012,NEGRO,VEHICULO UTILITARIO,06-03-2025,2025,USO PARTICULAR,30-04-2030,No existe registro de polarizado
ABC2804,TOYOTA,AWT FORTUNER TM,2012,PLOMO,VEHICULO UTILITARIO,17-05-2025,2025,USO PARTICULAR,31-05-2030,No existe registro de polarizado
ABC2805,TOYOTA,CCT HILUX 4X4 CD DIESEL,2012,BLANCO,CAMIONETA,09-03-2021,2021,USO PARTICULAR,30-06-2026,No existe registro de polarizado
ABC2806,TOYOTA,ETT HILUX 4X2 CD,2011,PLOMO,CAMIONETA,01-08-2023,2023,USO PARTICULAR,30-07-2028,No existe registro de polarizado
ABC2807,TOYOTA,EST HILUX 2.7 CS 4X2 TM,2012,ROJO,CAMIONETA,05-08-2020,2020,USO PARTICULAR,31-08-2025,No existe registro de polarizado
ABC2808,TOYOTA,CCT HILUX 4X4 CD DIESEL,2012,BLANCO,CAMIONETA,23-04-2021,2021,USO PUBLICO,30-09-2026,No existe registro de polarizado
ABC2809,HYUNDAI,TUCSON IX 5P 4X2 2.0 TM STD,2012,BLANCO,VEHICULO UTILITARIO,08-12-2022,2022,USO PARTICULAR,07-12-2027,No existe registro de polarizado
ABC2810,HYUNDAI,TUCSON IX 5P 4X2 2.0 TM STD,2012,PLATEADO,VEHICULO UTILITARIO,16-12-2020,2020,USO PARTICULAR,15-12-2025,No existe registro de polarizado
ABC2811,KIA,SPORTAGE R 2.0L 4X2 GSL MT FULL,2012,ROJO,JEEP,30-10-2020,2020,USO PARTICULAR,28-02-2025,No existe registro de polarizado
ABC2812,KIA,RIO 1.4L LX 4P,2012,PLATEADO,AUTOMOVIL,01-03-2023,2023,USO PARTICULAR,31-03-2028,No existe registro de polarizado
ABC2813,TOYOTA,AWT FORTUNER TM,2012,PLATEADO,VEHICULO UTILITARIO,30-04-2025,2025,PARTICULAR,30-04-2030,No existe registro de polarizado
ABC2814,TOYOTA,AWT FORTUNER TM,2012,PLATEADO,VEHICULO UTILITARIO,05-12-2022,2022,USO PARTICULAR,04-12-2027,No existe registro de polarizado
GOU0056,HONDA,CRV RD6846PL-KK,2006,PLOMO,VEHICULO UTILITARIO,27-06-2022,2022,USO PARTICULAR,27-06-2027,No existe registro de polarizado
UAE0321,TOYOTA,CORONA,1998,ROJO,AUTOMOVIL,11-06-2025,2025,USO PARTICULAR,10-06-2030,No existe registro de polarizado
GMD0463,AUDI,A3 ATTRACTION 1.6 T/A,2002,BLANCO,AUTOMOVIL,29-04-2022,2022,PARTICULAR,30-04-2027,No existe registro de polarizado
ABA5552,JAC,HFC1040K2,2011,BLANCO,CAMION,05-03-2025,2025,USO PARTICULAR,31-03-2030,No existe registro de polarizado
ABA5553,JAC,HFC1035KD,2011,BLANCO,CAMION,22-05-2017,2017,USO PARTICULAR,22-05-2017,No existe registro de polarizado
ABA5554,HINO,FC4JJUA,2010,BLANCO,CAMION,25-12-2024,2024,TRANSP. PUBLICO,24-12-2029,No existe registro de polarizado
ABA5555,HINO,FC9JJSA,2011,BLANCO,CAMION,26-05-2022,2022,TRANSP. PUBLICO,30-06-2027,No existe registro de polarizado
ABA5556,TOYOTA,EST HILUX 2.7 CS 4X2 TM,2010,PLATEADO,CAMIONETA,11-05-2022,2022,USO PARTICULAR,10-05-2027,No existe registro de polarizado
ABA5557,HINO,XZU413L-HKMMD3,2011,BLANCO,CAMION,20-10-2023,2023,USO PARTICULAR,18-10-2028,No existe registro de polarizado
ABA5558,MAZDA,BT-50 CD 4X4 STD CRD 2.5 FL,2011,BLANCO,CAMIONETA,08-12-2023,2023,USO PARTICULAR,30-09-2028,No existe registro de polarizado
ABA5559,CHEVROLET,AVEO ACTIVO 1.6L 4P STD,2011,DORADO,AUTOMOVIL,29-05-2021,2021,USO PARTICULAR,28-05-2026,No existe registro de polarizado
ABA5560,HONDA,ACCORD,2008,ROJO,AUTOMOVIL,23-11-2023,2023,USO PARTICULAR,30-11-2028,No existe registro de polarizado
ABA5561,FOTON,BJ1043V9JE6-1,2007,ROJO,CAMIONETA,27-06-2014,2014,USO PARTICULAR,28-02-2018,No existe registro de polarizado
ABA5562,NISSAN,X-TRAIL CLASSIC 4X4 2.5 MT,2011,CREMA,VEHICULO UTILITARIO,25-03-2024,2024,USO PARTICULAR,31-03-2029,No existe registro de polarizado
ABA5563,FORD,ESCAPE SPE,2007,PLATEADO,VEHICULO UTILITARIO,15-04-2024,2024,USO PARTICULAR,30-04-2029,No existe registro de polarizado
ABA5564,CHEVROLET,AVEO FAMILY 1.5L TM AC,2011,PLATEADO,AUTOMOVIL,10-06-2022,2022,USO PARTICULAR,09-06-2027,No existe registro de polarizado
ABA5565,CHEVROLET,AVEO ACTIVO 1.6L 4P STD,2011,BLANCO,AUTOMOVIL,12-03-2021,2021,USO PARTICULAR,30-06-2026,No existe registro de polarizado
ABA5566,CHEVROLET,GRAND VITARA 2.0L 5P DLX TM 4X2,2011,DORADO,VEHICULO UTILITARIO,16-07-2019,2019,USO PARTICULAR,31-07-2024,No existe registro de polarizado
ABA5567,IVECO,TRAKKER 6X4,2007,BLANCO,UNIDAD DE CARGA Y REMOLQUE,11-08-2022,2022,USO PUBLICO,10-08-2027,No existe registro de polarizado
ABA5568,TOYOTA,AA HIGHLANDER HIBRIDO LIMITED,2010,NEGRO,VEHICULO UTILITARIO,07-08-2021,2021,USO PARTICULAR,06-08-2026,No existe registro de polarizado
ABA5569,HINO,XZU413L-HKMMD3,2011,BLANCO,CAMION,01-12-2023,2023,USO PARTICULAR,29-11-2028,No existe registro de polarizado
ABA5570,MAZDA,BT-50 CD 4X2 STD GAS 2.2 FL,2011,ROJO,CAMIONETA,06-08-2024,2024,PARTICULAR,05-08-2029,No existe registro de polarizado
ABA5571,CHEVROLET,GRAND VITARA 2.0L 5P DLX TM 4X2,2011,NEGRO,VEHICULO UTILITARIO,31-01-2025,2025,USO PARTICULAR,28-02-2030,No existe registro de polarizado
ABA5572,TOYOTA,BRT HILUX 4X4 CD SR,2010,PLATEADO,CAMIONETA,15-05-2024,2024,USO PARTICULAR,31-03-2029,No existe registro de polarizado
ABA5573,CHEVROLET,GRAND VITARA 2.0L 5P DLX TM 4X2,2011,PLATEADO,VEHICULO UTILITARIO,07-04-2025,2025,USO PARTICULAR,30-04-2030,No existe registro de polarizado
ABA5574,MAZDA,BT-50 CD 4X4 ACTION GAS 2.6 FL,2011,BLANCO,CAMIONETA,18-06-2019,2019,USO PARTICULAR,16-06-2024,No existe registro de polarizado
ABA5575,MAZDA,BT-50 CD 4X4 ACTION GAS 2.6 FL,2011,ROJO,CAMIONETA,13-03-2025,2025,USO PARTICULAR,12-03-2030,No existe registro de polarizado
ABC4655,NISSAN,SENTRA 2.0 SPORT 6MT SER,2012,PLOMO,AUTOMOVIL,16-06-2025,2025,USO PARTICULAR,30-06-2030,No existe registro de polarizado
ABC4656,CHEVROLET,NHR CHASIS CABINADO,2006,BLANCO,CAMION,02-12-2024,2024,USO PARTICULAR,31-07-2029,No existe registro de polarizado
ABC4657,MAZDA,CX7,2010,BLANCO,VEHICULO UTILITARIO,21-08-2021,2021,PARTICULAR,20-08-2026,No existe registro de polarizado
ABC4658,NISSAN,ROGUE,2008,PLATEADO,CAMIONETA,30-07-2024,2024,USO PARTICULAR,30-09-2029,No existe registro de polarizado
ABC4659,NISSAN,NAVARA DOBLE CABINA 4X2 2.5 SE MT DIESEL,2012,BLANCO,CAMIONETA,22-10-2024,2024,USO PARTICULAR,31-10-2029,No existe registro de polarizado
ABC4660,MAZDA,BT-50 STD FL 2.2 CS 4X2 TM,2014,BLANCO,CAMIONETA,25-11-2024,2024,USO PARTICULAR,24-11-2029,No existe registro de polarizado
ABC4661,NISSAN,NP300 FRONTIER CABINA DOBLE 4X2 2.4 MT 16V,2012,PLATEADO,CAMIONETA,29-11-2024,2024,USO PARTICULAR,28-11-2029,No existe registro de polarizado
ABC4662,MITSUBISHI,ASX 2.0 MT 2WD,2012,BLANCO,VEHICULO UTILITARIO,19-11-2021,2021,USO PARTICULAR,31-03-2026,No existe registro de polarizado
ABC4663,MITSUBISHI,ASX 2.0 MT 2WD,2012,NEGRO,VEHICULO UTILITARIO,20-06-2023,2023,USO PARTICULAR,18-06-2028,No existe registro de polarizado
ABC4664,TOYOTA,BRT HILUX 4X4 CD SR,2012,DORADO,CAMIONETA,19-08-2020,2020,USO PARTICULAR,18-08-2025,No existe registro de polarizado
ABC4665,TOYOTA,CET HILUX 4X2 CD NO AA DIESEL,2012,BLANCO,CAMIONETA,09-06-2022,2022,USO PARTICULAR,30-06-2027,No existe registro de polarizado
ABC4666,CHEVROLET,CRUZE AC 1.8 4P 4X2 TM,2014,BLANCO,AUTOMOVIL,17-03-2021,2021,USO PARTICULAR,16-03-2026,No existe registro de polarizado
ABC4667,CHEVROLET,D-MAX CRDI STD 3.0 CD 4X4 TM DIESEL,2014,BLANCO,CAMIONETA,22-01-2025,2025,USO PARTICULAR,21-01-2030,No existe registro de polarizado
ABC4668,CHEVROLET,D-MAX CRDI STD 3.0 CD 4X4 TM DIESEL,2014,PLATEADO,CAMIONETA,02-10-2024,2024,USO PARTICULAR,01-10-2029,No existe registro de polarizado
ABC4669,CHEVROLET,D-MAX CRDI STD 3.0 CD 4X4 TM DIESEL,2014,BLANCO,CAMIONETA,29-11-2018,2018,PARTICULAR,28-11-2023,No existe registro de polarizado
ABC4670,CHEVROLET,LUV D-MAX TM 3.0 4X4 DIESEL CD EXTREME,2013,PLATEADO,CAMIONETA,12-04-2023,2023,USO PARTICULAR,10-04-2028,No existe registro de polarizado
ABC4671,MAZDA,B2600 CS CHASIS,2003,ROJO,CAMIONETA,16-02-2023,2023,USO PARTICULAR,15-02-2028,No existe registro de polarizado
ABC4672,SUZUKI,GRAND VITARA SZ 2.4 5P 4X2 TA,2014,PLATEADO,VEHICULO UTILITARIO,08-03-2023,2023,USO PARTICULAR,31-03-2028,No existe registro de polarizado
ABC4673,CHEVROLET,SPARK 5P STD 1.0L ACTIVO,2012,BLANCO,AUTOMOVIL,18-04-2023,2023,USO PARTICULAR,16-04-2028,No existe registro de polarizado
ABC4674,CHEVROLET,AVEO EMOTION 1.6L AC,2012,PLATEADO,AUTOMOVIL,03-04-2024,2024,PARTICULAR,02-04-2029,No existe registro de polarizado
ABC4675,CHEVROLET,AVEO ACTIVO 1.6L 4P STD,2012,AMARILLO,AUTOMOVIL,18-10-2024,2024,TRANSP. PUBLICO,30-06-2029,No existe registro de polarizado
ABC4676,CHEVROLET,AVEO FAMILY 1.5L TM AC,2011,BLANCO,AUTOMOVIL,16-07-2020,2020,USO PARTICULAR,15-07-2025,No existe registro de polarizado
ABC4677,HYUNDAI,TQ 12PAS 2.5 TM DSL AC,2012,BLANCO,CAMIONETA,14-09-2022,2022,USO PARTICULAR,31-08-2027,No existe registro de polarizado
ABC4678,CHEVROLET,AVEO ACTIVO 1.6L 4P STD,2012,NEGRO,AUTOMOVIL,08-09-2023,2023,USO PARTICULAR,06-09-2028,No existe registro de polarizado
ABC4679,CHEVROLET,D-MAX TD 2.5 CS 4X2 TM DIESEL,2014,BLANCO,CAMIONETA,25-10-2023,2023,USO PARTICULAR,31-10-2028,No existe registro de polarizado
